observation_date,SP500_price,SP500_dividend_12m,SP500_earnings_12m,CPI,GS10,real_price,real_dividend,real_total_return_price
1871-01-01,4.44,0.26,0.4,12.46406116,5.32,112.14427080041709,6.567006848673072,112.14427080041709
1871-02-01,4.5,0.26,0.4,12.84464132,5.323333333333333,110.29205407193112,6.372429790822687,110.823089887833
1871-03-01,4.61,0.26,0.4,13.0349719,5.326666666666667,111.33828278525102,6.279382543202877,112.40015738260314
1871-04-01,4.74,0.26,0.4,12.55922645,5.33,118.81441750737767,6.517246529940547,120.49587844221992
1871-05-01,4.86,0.26,0.4,12.27381157,5.333333333333334,124.65523169181265,6.668798403265697,126.98294972773719
1871-06-01,4.82,0.26,0.4,12.08348099,5.336666666666667,125.57658478179977,6.773840672877165,128.49653499553756
1871-07-01,4.73,0.26,0.4,12.08348099,5.34,123.23179377964999,6.773840672877165,126.67483446482628
1871-08-01,4.79,0.26,0.4,11.8932314,5.343333333333334,126.79126570260802,6.882198138346156,130.92329673033396
1871-09-01,4.84,0.26,0.4,12.17864628,5.346666666666668,125.1123084592946,6.720909132110867,129.76795175051984
1871-10-01,4.59,0.26,0.4,12.36889587,5.3500000000000005,116.82490722593502,6.617532871185862,121.7441440061913
1871-11-01,4.64,0.26,0.4,12.36889587,5.3533333333333335,118.09750970116306,6.617532871185862,123.64501480948333
1871-12-01,4.74,0.26,0.4,12.65439174,5.3566666666666665,117.92089305115829,6.468234639936952,124.02444120434801
1872-01-01,4.86,0.2633,0.4025,12.65439174,5.36,120.90623211574456,6.550331464213074,127.73841502121448
1872-02-01,4.88,0.2667,0.405,12.65439174,5.378333333333333,121.40378862650894,6.63491607104302,128.8482410653031
1872-03-01,5.04,0.27,0.4075,12.84464132,5.3966666666666665,123.52710056056286,6.617523244315867,131.687029687043
1872-04-01,5.18,0.2733,0.41,13.13013719,5.415000000000001,124.19788166737355,6.552756961330733,132.98425593003319
1872-05-01,5.18,0.2767,0.4125,13.13013719,5.433333333333334,124.19788166737355,6.6342768064405915,133.57622413492123
1872-06-01,5.13,0.28,0.415,13.0349719,5.451666666666666,123.89704787165675,6.762411969603098,133.85876152673157
1872-07-01,5.1,0.2833,0.4175,12.84464132,5.470000000000001,124.99766128152193,6.943497537461797,135.67301578254046
1872-08-01,5.04,0.2867,0.42,12.93980661,5.488333333333333,122.61862544172912,6.975150776615822,133.7217046986209
1872-09-01,4.95,0.29,0.4225,13.0349719,5.506666666666667,119.54978303405477,7.0039266828032085,131.01149038677062
1872-10-01,4.97,0.2933,0.425,12.74947603,5.5249999999999995,122.72067760419175,7.242248438895261,135.1477736802586
1872-11-01,4.95,0.2967,0.4275,13.13013719,5.543333333333333,118.68330390994191,7.113805307086822,131.35441006044616
1872-12-01,5.07,0.3,0.43,12.93980661,5.5616666666666665,123.34849821221563,7.298727704864829,137.19084334039735
1873-01-01,5.11,0.3025,0.4325,12.93980661,5.58,124.32166190619759,7.359550435738703,138.95533766837005
1873-02-01,5.15,0.305,0.435,13.22522149,5.570833333333334,122.59082494201773,7.260233321808816,137.69700222350377
1873-03-01,5.11,0.3075,0.4375,13.22522149,5.561666666666666,121.63866319489526,7.319743431003971,137.31265379496728
1873-04-01,5.04,0.31,0.44,13.22522149,5.552499999999999,119.97238013743093,7.379253540199126,136.1258353587094
1873-05-01,5.05,0.3125,0.4425,12.93980661,5.543333333333333,122.86191636522463,7.602841359234198,140.1233037192222
1873-06-01,4.98,0.315,0.445,12.55922645,5.534166666666667,124.83033738116895,7.895894834351047,143.11871167464216
1873-07-01,4.97,0.3175,0.4475,12.55922645,5.525,124.5796740530943,7.958560666369706,143.59170273146512
1873-08-01,4.97,0.32,0.45,12.55922645,5.515833333333333,124.5796740530943,8.021226498388366,144.3621478165434
1873-09-01,4.59,0.3225,0.4525,12.55922645,5.506666666666667,115.05446758625811,8.083892330407025,134.10502841056416
1873-10-01,4.19,0.325,0.455,12.27381157,5.4975000000000005,107.4702511910895,8.335998004082121,126.0747163004387
1873-11-01,4.04,0.3275,0.4575,11.8932314,5.488333333333332,106.93877107276334,8.668922655032176,126.29869882856059
1873-12-01,4.42,0.33,0.46,12.17864628,5.479166666666666,114.25545524588472,8.530384667679177,135.7795358935805
1874-01-01,4.66,0.33,0.46,12.36889587,5.47,118.60655069125428,8.399176336505132,141.7821033344955
1874-02-01,4.8,0.33,0.46,12.36889587,5.4366666666666665,122.16983762189282,8.399176336505132,146.8783484650809
1874-03-01,4.73,0.33,0.46,12.36889587,5.403333333333332,120.38819415657356,8.399176336505132,145.57786308804634
1874-04-01,4.6,0.33,0.46,12.17864628,5.37,118.90839233734609,8.530384667679177,144.64803667814627
1874-05-01,4.48,0.33,0.46,12.08348099,5.336666666666667,116.71848544034502,8.597567007882557,142.85564313906877
1874-06-01,4.46,0.33,0.46,11.79806612,5.303333333333334,119.00842991715668,8.805556473690967,146.5565003094525
1874-07-01,4.46,0.33,0.46,11.8932314,5.27,118.05616806547636,8.735097637131659,146.28023372267873
1874-08-01,4.47,0.33,0.46,11.79806612,5.236666666666666,119.27526496181397,8.805556473690967,148.7000114312654
1874-09-01,4.54,0.33,0.46,11.79806612,5.203333333333333,121.1431102744151,8.805556473690967,151.94346805644403
1874-10-01,4.53,0.33,0.46,11.60773554,5.17,122.85826831475183,8.949940075909074,155.0301545759597
1874-11-01,4.57,0.33,0.46,11.51265124,5.136666666666667,124.96676981765329,9.023858652040609,158.63969726399273
1874-12-01,4.54,0.33,0.46,11.51265124,5.1033333333333335,124.14641903110413,9.023858652040609,158.55291405980014
1875-01-01,4.54,0.3275,0.4517,11.51265124,5.07,124.14641903110413,8.955496086494847,159.50603592754217
1875-02-01,4.53,0.325,0.4433,11.51265124,5.03,123.87296876892108,8.887133520949085,160.10623301574236
1875-03-01,4.59,0.3225,0.435,11.51265124,4.99,125.51367034201938,8.818770955403322,163.17670299217562
1875-04-01,4.65,0.32,0.4267,11.60773554,4.95,126.11279197871876,8.678729770578496,164.89585094333893
1875-05-01,4.47,0.3175,0.4183,11.32232066,4.91,124.28701718999012,8.827992831727489,163.47050461574736
1875-06-01,4.38,0.315,0.41,11.13207107,4.87,123.86592003674664,8.908165482094793,163.89303382221019
1875-07-01,4.39,0.3125,0.4017,11.13207107,4.83,124.14871894094011,8.837465756046422,165.24165895782863
1875-08-01,4.41,0.31,0.3933,11.22715537,4.79,123.65809430318774,8.692519100677597,165.5527822701613
1875-09-01,4.37,0.3075,0.385,11.13207107,4.75,123.58312113255315,8.696066303949678,166.42259577675497
1875-10-01,4.3,0.305,0.3767,11.13207107,4.710000000000001,121.60352880319874,8.625366577901307,164.7247298587427
1875-11-01,4.37,0.3025,0.3683,11.03690579,4.67,124.6487116657721,8.628429125605505,169.8237586608845
1875-12-01,4.37,0.3,0.36,10.9417405,4.63,125.73283816226501,8.631544953931236,172.28077472626833
1876-01-01,4.46,0.3,0.3533,10.84657521,4.59,129.44817122602154,8.707276091436428,178.36580781975812
1876-02-01,4.52,0.3,0.3467,10.84657521,4.578333333333333,131.18962644430883,8.707276091436428,181.76515617506743
1876-03-01,4.51,0.3,0.34,10.84657521,4.566666666666666,130.89938390792761,8.707276091436428,182.36835912697586
1876-04-01,4.34,0.3,0.3333,10.75149091,4.555000000000001,127.07927546394593,8.784281714097645,178.0660547798466
1876-05-01,4.18,0.3,0.3267,10.37091074,4.543333333333333,126.88581629813551,9.106637533359008,178.85834295879502
1876-06-01,4.15,0.3,0.32,10.08541488,4.531666666666666,129.54123137669086,9.36442636458006,183.70142661154165
1876-07-01,4.1,0.3,0.3133,10.08541488,4.52,127.98049364926081,9.36442636458006,182.59479151147207
1876-08-01,3.93,0.3,0.3067,10.18058017,4.508333333333334,121.52726237997892,9.276890258013658,174.49068854699325
1876-09-01,3.69,0.3,0.3,10.27574545,4.496666666666667,113.0489990387997,9.190975531609732,163.41718116283695
1876-10-01,3.67,0.3,0.2933,10.46599504,4.485,110.39241448943021,9.023903091779035,160.66401076153934
1876-11-01,3.6,0.3,0.2867,10.56116033,4.473333333333334,107.31107800538433,8.942589833782028,157.2640442210149
1876-12-01,3.58,0.3,0.28,10.75149091,4.461666666666667,104.8257617882319,8.784281714097645,154.69459927390838
1877-01-01,3.55,0.2908,0.2817,10.9417405,4.45,102.13994862151962,8.366844242010679,151.75999632070645
1877-02-01,3.34,0.2817,0.2833,10.65632562,4.440833333333333,98.67171504468351,8.322102433559087,147.6372973410065
1877-03-01,3.17,0.2725,0.285,10.18058017,4.431666666666667,98.02580705967766,8.426508651029074,147.72153766962762
1877-04-01,2.94,0.2633,0.2867,10.46599504,4.4225,88.43425029943455,7.919978946884733,134.26198454633652
1877-05-01,2.94,0.2542,0.2883,10.65632562,4.413333333333333,86.85474318304477,7.509685618071422,132.81406530971478
1877-06-01,2.73,0.245,0.29,10.08541488,4.404166666666667,85.21627991767855,7.64761486440705,131.28313684314907
1877-07-01,2.85,0.2358,0.2917,10.18058017,4.395,88.13045745112976,7.291635742798736,136.7087992804436
1877-08-01,3.05,0.2267,0.2933,9.8,4.385833333333333,97.97774872448983,7.282477257653064,152.92539795646616
1877-09-01,3.24,0.2175,0.295,9.704834711,4.376666666666667,105.10189821614165,7.05545150062062,164.96258553739153
1877-10-01,3.31,0.2083,0.2967,9.704834711,4.367500000000001,107.37261823932988,6.757014011858736,169.41038076421373
1877-11-01,3.26,0.1992,0.2983,9.514585124,4.358333333333333,107.86522077680877,6.591028214337517,171.05419867873874
1877-12-01,3.25,0.19,0.3,9.514585124,4.349166666666666,107.53434586645047,6.286623296807873,171.36027725510664
1878-01-01,3.25,0.1892,0.3008,9.229089256,4.34,110.86085085100194,6.453807071079867,177.51822916521758
1878-02-01,3.18,0.1883,0.3017,9.134004959,4.33,109.60227517870788,6.489971200047388,176.36892556458488
1878-03-01,3.24,0.1875,0.3025,8.94367438,4.32,114.04670012147743,6.5999247755484625,184.40580485316107
1878-04-01,3.33,0.1867,0.3033,8.848509091,4.3100000000000005,118.47530207843468,6.642444113526652,192.4615867829668
1878-05-01,3.34,0.1858,0.3042,8.563094215,4.3,122.79182017618388,6.830754547525439,200.39842026276517
1878-06-01,3.41,0.185,0.305,8.372844628,4.29,128.21387893787158,6.955884927714442,210.19332656251186
1878-07-01,3.48,0.1842,0.3058,8.467928926,4.279999999999999,129.37659958814828,6.848037254062331,213.03503997087395
1878-08-01,3.45,0.1833,0.3067,8.563094215,4.27,126.83586215803426,6.738844502483385,209.77608948065108
1878-09-01,3.52,0.1825,0.3075,8.563094215,4.26,129.40934341921178,6.709433288069928,214.95715352639905
1878-10-01,3.48,0.1817,0.3083,8.467928926,4.25,129.37659958814828,6.755094294588086,215.83781739281798
1878-11-01,3.47,0.1808,0.3092,8.372844628,4.239999999999999,130.46984161713033,6.797967540166329,218.6067455782294
1878-12-01,3.45,0.18,0.31,8.18251405,4.2299999999999995,132.73517538292532,6.925313498239581,223.36935780327508
1879-01-01,3.58,0.1817,0.3158,8.277679339,4.22,136.15328389081495,6.910349632112032,230.0904905376509
1879-02-01,3.71,0.1833,0.3217,8.372844628,4.203333333333333,139.49369233416527,6.891965985135444,236.70615325085905
1879-03-01,3.65,0.185,0.3275,8.277679339,4.186666666666666,138.81549893895937,7.03585405581027,236.55025573073948
1879-04-01,3.77,0.1867,0.3333,8.18251405,4.17,145.0468438242401,7.18308905622961,248.18889143502065
1879-05-01,3.94,0.1883,0.3392,8.18251405,4.153333333333332,151.5874176836886,7.244647398436185,260.4134561296417
1879-06-01,3.96,0.19,0.345,8.087381157,4.136666666666667,154.14909051503736,7.3960422216810855,265.872988971153
1879-07-01,4.04,0.1917,0.3508,8.18251405,4.119999999999999,155.4348140715995,7.375458875625154,269.15066279963315
1879-08-01,4.07,0.1933,0.3567,8.18251405,4.103333333333333,156.58903298797276,7.437017217831729,272.22246687816113
1879-09-01,4.22,0.195,0.3625,8.467928926,4.086666666666666,156.88771559252461,7.249550838991066,273.79196163670724
1879-10-01,4.68,0.1967,0.3683,8.94367438,4.069999999999999,164.73412239768962,6.923761084535373,288.49200117164156
1879-11-01,4.93,0.1983,0.3742,9.419419835,4.053333333333333,164.76936103145897,6.6275383960523975,289.5209240974703
1879-12-01,4.92,0.2,0.38,9.704834711,4.036666666666667,159.59917877265954,6.4877714948235585,281.38623730222423
1880-01-01,5.11,0.205,0.3892,9.990330579,4.02,161.02552861279054,6.459928251589443,284.85012181281854
1880-02-01,5.2,0.21,0.3983,9.990330579,3.993333333333333,163.86159467446396,6.617487477237967,290.84256566700213
1880-03-01,5.3,0.215,0.4075,10.08541488,3.9666666666666663,165.43819910758106,6.711172227949043,294.6335794107738
1880-04-01,5.18,0.22,0.4167,9.704834711,3.9399999999999995,168.03328171593014,7.136548644305915,300.31437575734566
1880-05-01,4.77,0.225,0.4258,9.419419835,3.913333333333333,159.4218766977808,7.519899844234944,286.0437848622448
1880-06-01,4.79,0.23,0.435,9.229089256,3.8866666666666667,163.39183863886132,7.84553713714783,294.33999172458954
1880-07-01,5.01,0.235,0.4442,9.229089256,3.8600000000000003,170.89626546569838,8.016092292303217,309.062112048323
1880-08-01,5.19,0.24,0.4533,9.229089256,3.8333333333333335,177.03625105129234,8.186647447458604,321.3999209125276
1880-09-01,5.18,0.245,0.4625,9.324254545,3.8066666666666666,174.8917532366659,8.271907247680145,318.7581329699976
1880-10-01,5.33,0.25,0.4717,9.324254545,3.7800000000000002,179.9561862454497,8.44072168130627,329.27058748396956
1880-11-01,5.61,0.255,0.4808,9.419419835,3.7533333333333334,187.49616944959126,8.522553156799601,344.3661889726303
1880-12-01,5.84,0.26,0.49,9.514585124,3.726666666666667,193.23094764925253,8.602747669316038,356.2157021593479
1881-01-01,6.19,0.265,0.4858,9.419419835,3.7,206.88080015917467,8.85677092765449,382.7394134563679
1881-02-01,6.17,0.27,0.4817,9.514585124,3.693333333333334,204.14981969107671,8.933622579674347,379.06427102449317
1881-03-01,6.24,0.275,0.4775,9.514585124,3.686666666666667,206.46594406358489,9.099060034853501,384.77276186987825
1881-04-01,6.22,0.28,0.4733,9.609669421,3.68,203.7678341692875,9.172828547813586,381.169078053208
1881-05-01,6.5,0.285,0.4692,9.514585124,3.673333333333334,215.06869173290093,9.429934945211809,403.7784892896727
1881-06-01,6.58,0.29,0.465,9.514585124,3.666666666666667,217.7156910157674,9.595372400390964,410.2492984129046
1881-07-01,6.35,0.295,0.4608,9.609669421,3.66,208.0266474236295,9.66423007716074,393.5094482981755
1881-08-01,6.2,0.3,0.4567,9.8,3.6533333333333333,199.1678826530613,9.637155612244902,378.2711041034083
1881-09-01,6.25,0.305,0.4525,10.18058017,3.646666666666667,193.26854704195122,9.43150509564722,368.5594845281617
1881-10-01,6.15,0.31,0.4483,10.27574545,3.64,188.41499839799954,9.49734138266339,360.8131294923178
1881-11-01,6.19,0.315,0.4442,10.18058017,3.6333333333333337,191.41316899034848,9.740734770914342,368.1090529001463
1881-12-01,6.01,0.32,0.44,10.18058017,3.626666666666667,185.84703483554028,9.895349608547903,358.9905733991195
1882-01-01,5.92,0.32,0.4392,10.18058017,3.62,183.06396775813622,9.895349608547903,355.2075335241427
1882-02-01,5.79,0.32,0.4383,10.27574545,3.6208333333333336,177.38582776006783,9.803707233717049,345.77519008681185
1882-03-01,5.78,0.32,0.4375,10.27574545,3.621666666666667,177.07946190901419,9.803707233717049,346.77051302891556
1882-04-01,5.78,0.32,0.4367,10.37091074,3.6225,175.45454980938356,9.71374670224961,345.17366950593964
1882-05-01,5.71,0.32,0.4358,10.46599504,3.6233333333333335,171.75495551352762,9.625496631230972,339.47344567521645
1882-06-01,5.68,0.32,0.435,10.56116033,3.6241666666666665,169.31303418627306,9.538762489367496,336.2181039906213
1882-07-01,6.0,0.32,0.4342,10.46599504,3.625,180.47806183558072,9.625496631230972,359.9822122819132
1882-08-01,6.18,0.32,0.4333,10.56116033,3.6258333333333335,184.21735057590976,9.538762489367496,369.0261157446565
1882-09-01,6.24,0.32,0.4325,10.27574545,3.626666666666667,191.17229105748243,9.803707233717049,384.594899008268
1882-10-01,6.07,0.32,0.4317,10.18058017,3.6275,187.70241288714303,9.895349608547903,379.27322979432216
1882-11-01,5.81,0.32,0.4308,10.08541488,3.6283333333333334,181.35772392736715,9.988721455552065,368.13503456464935
1882-12-01,5.84,0.32,0.43,9.990330579,3.629166666666667,184.0291755574749,10.083790441505474,375.2635131432575
1883-01-01,5.81,0.3208,0.4275,9.990330579,3.63,183.08382020358374,10.108999917609237,375.0536054703805
1883-02-01,5.68,0.3217,0.425,10.08541488,3.629166666666667,177.29980583604913,10.041786538284684,364.9190957504018
1883-03-01,5.75,0.3225,0.4225,9.990330579,3.6283333333333334,181.19310949580148,10.162570054329734,374.6753604705032
1883-04-01,5.87,0.3233,0.42,9.895165289,3.6275,186.75349612949765,10.28575899466211,387.945686135459
1883-05-01,5.77,0.3242,0.4175,9.8,3.626666666666667,185.35462627551027,10.414552831632657,386.84265214011134
1883-06-01,5.82,0.325,0.415,9.514585124,3.6258333333333335,192.56919782853592,10.753434586645046,403.76999471363564
1883-07-01,5.73,0.3258,0.4125,9.324254545,3.625,193.4613409355397,10.99994849507833,407.56261257763776
1883-08-01,5.47,0.3267,0.41,9.324254545,3.6241666666666665,184.68299038698117,11.030335093131034,391.0058259907687
1883-09-01,5.53,0.3275,0.4075,9.229089256,3.6233333333333335,188.6340016018587,11.171362662677888,401.3417754828455
1883-10-01,5.38,0.3283,0.405,9.229089256,3.6225,183.51734694719704,11.19865148750275,392.44101160433274
1883-11-01,5.46,0.3292,0.4025,9.134004959,3.621666666666667,188.18503851438524,11.346248109695168,404.44453458259943
1883-12-01,5.34,0.33,0.4,9.229089256,3.6208333333333336,182.15290570595394,11.256640240255583,393.49641346415154
1884-01-01,5.18,0.3283,0.3925,9.229089256,3.62,176.69514074098154,11.19865148750275,383.72225239500534
1884-02-01,5.32,0.3267,0.385,9.229089256,3.611666666666667,181.4706850853324,11.144073837853027,396.1098882360777
1884-03-01,5.3,0.325,0.3775,9.229089256,3.6033333333333335,180.78846446471087,11.086085085100194,396.6372901862668
1884-04-01,5.06,0.3233,0.37,9.038839669,3.5949999999999998,176.23474177369002,11.260215813326873,388.70541738262193
1884-05-01,4.65,0.3217,0.3625,8.848509091,3.586666666666667,165.43848488430066,11.44549690049022,366.99675985932305
1884-06-01,4.46,0.32,0.355,8.848509091,3.5783333333333336,158.67863281375935,11.385014013543273,354.10583424419275
1884-07-01,4.46,0.3183,0.3475,8.753424793,3.57,160.40228347227207,11.44754413211305,360.08117100699945
1884-08-01,4.74,0.3167,0.34,8.753424793,3.5616666666666665,170.47238198622637,11.390000712033311,384.8179131863984
1884-09-01,4.59,0.315,0.3325,8.658259504,3.5533333333333337,166.89210017699656,11.453379423911528,378.89045581605905
1884-10-01,4.44,0.3133,0.325,8.563094215,3.545,163.23223999468757,11.518166844670183,372.76069212771625
1884-11-01,4.35,0.3117,0.3175,8.372844628,3.536666666666667,163.55729424625846,11.719726118749142,375.7332781975684
1884-12-01,4.34,0.31,0.31,8.277679339,3.5283333333333333,165.05733298495443,11.789809498925317,381.4362733347882
1885-01-01,4.24,0.3042,0.3067,8.277679339,3.52,161.2541686304624,11.56922596636478,374.8753936563454
1885-02-01,4.37,0.2983,0.3033,8.372844628,3.5075,164.3092818060114,11.215894453714691,384.1506080860254
1885-03-01,4.38,0.2925,0.3,8.18251405,3.495,168.5159617904965,11.25363443463932,396.1782683310516
1885-04-01,4.37,0.2867,0.2967,8.277679339,3.4825,166.19828229130204,10.903672204328673,392.86563800070996
1885-05-01,4.32,0.2808,0.2933,8.087381157,3.4699999999999998,168.1626441982226,10.930571872884467,399.6622433524602
1885-06-01,4.3,0.275,0.29,7.897091074,3.4575,171.41743868914642,10.962743171980295,409.56893033767625
1885-07-01,4.46,0.2692,0.2867,7.992232066,3.445,175.6792487261594,10.603778869300921,421.86301114044585
1885-08-01,4.71,0.2633,0.2833,7.992232066,3.4325,185.52674024668403,10.371378069416538,447.58546189258743
1885-09-01,4.65,0.2575,0.28,7.897091074,3.42,185.37002090803045,10.265114061036094,449.2711004167403
1885-10-01,4.92,0.2517,0.2767,7.897091074,3.4075,196.13344147688383,10.033899841408871,477.38436029711903
1885-11-01,5.24,0.2458,0.2733,7.992232066,3.3950000000000005,206.40342227019624,9.682053662979815,504.34508622423925
1885-12-01,5.2,0.24,0.27,8.18251405,3.3825000000000003,200.0646121713657,9.233751330986108,490.73647158810775
1886-01-01,5.2,0.2383,0.275,7.992232066,3.37,204.82782362691228,9.386628917364078,504.33880227104
1886-02-01,5.3,0.2367,0.28,7.992232066,3.3825000000000003,208.76682023512214,9.323604971632717,515.9507182521747
1886-03-01,5.19,0.235,0.285,7.897091074,3.3950000000000005,206.8968620457372,9.36816234696498,513.2586536671666
1886-04-01,5.12,0.2333,0.29,7.801941983,3.4075,206.5955378176517,9.413816205636355,514.4572522469362
1886-05-01,5.02,0.2317,0.295,7.611651901,3.42,207.6244480902202,9.582984984562556,519.0080121771315
1886-06-01,5.25,0.23,0.3,7.51650281,3.4325,219.8857938696095,9.633091921906704,551.6649291221438
1886-07-01,5.33,0.2283,0.305,7.611651901,3.445,220.4458781515685,9.442362848405834,555.0442465332052
1886-08-01,5.37,0.2267,0.31,7.706792893,3.4575,219.3584102974286,9.260437917025524,554.2492061434831
1886-09-01,5.51,0.225,0.315,7.706792893,3.4699999999999998,225.07725153423306,9.190994844864326,570.6341337925106
1886-10-01,5.65,0.2233,0.32,7.706792893,3.4825,230.79609277103756,9.121551772703128,587.0601462977631
1886-11-01,5.79,0.2217,0.325,7.706792893,3.495,236.51493400784202,9.056193587139651,603.5264041180353
1886-12-01,5.64,0.22,0.33,7.801941983,3.5075,227.5778971272569,8.87715201560222,582.6090297041771
1887-01-01,5.58,0.2225,0.3325,7.992232066,3.52,219.79601073810974,8.76426745326692,564.5568130761247
1887-02-01,5.54,0.225,0.335,8.087381157,3.5324999999999998,215.65302056901692,8.75847105199076,555.7900534886617
1887-03-01,5.67,0.2275,0.3375,8.087381157,3.5450000000000004,220.71347051016716,8.85578739701288,570.7340173967691
1887-04-01,5.8,0.23,0.34,8.087381157,3.5575,225.77392045131734,8.953103742035,585.7489187950672
1887-05-01,5.9,0.2325,0.3425,8.087381157,3.5700000000000003,229.66657425220217,9.050420087057118,597.8047424469917
1887-06-01,5.73,0.235,0.345,7.992232066,3.5825,225.7045056504245,9.256642029293152,589.4996388525029
1887-07-01,5.59,0.2375,0.3475,7.897091074,3.5949999999999998,222.84267029589034,9.467823648528435,584.0857267436686
1887-08-01,5.45,0.24,0.35,7.992232066,3.6075,214.67531514743692,9.453591859703643,564.7434112776699
1887-09-01,5.38,0.2425,0.3525,7.897091074,3.62,214.47112096455996,9.667146251655351,566.3255095407565
1887-10-01,5.2,0.245,0.355,7.992232066,3.6325,204.82782362691228,9.650541690114137,542.9853060009195
1887-11-01,5.3,0.2475,0.3575,8.087381157,3.6450000000000005,206.31065144689344,9.634318157189835,549.044516097448
1887-12-01,5.27,0.25,0.36,8.277679339,3.6574999999999998,200.42676148173035,9.507910886230095,535.4945839694362
1888-01-01,5.31,0.2483,0.3517,8.372844628,3.67,199.65269711439828,9.335925554332409,535.5050825069484
1888-02-01,5.28,0.2467,0.3433,8.277679339,3.6516666666666664,200.8070779171796,9.382406462531856,540.6984541180503
1888-03-01,5.08,0.245,0.335,8.277679339,3.6333333333333337,193.2007492081955,9.317752668505493,522.3082210273874
1888-04-01,5.1,0.2433,0.3267,8.18251405,3.615,196.2172157834548,9.360715411787169,532.5719329955275
1888-05-01,5.17,0.2417,0.3183,8.087381157,3.5966666666666667,201.25020150574323,9.408544236738518,548.3604940130945
1888-06-01,5.01,0.24,0.31,7.992232066,3.578333333333333,197.34373007131356,9.453591859703643,539.8628300721999
1888-07-01,5.14,0.2383,0.3017,8.087381157,3.5600000000000005,200.0824053654778,9.276194007508437,549.4695791188368
1888-08-01,5.25,0.2367,0.2933,8.087381157,3.541666666666667,204.36432454645106,9.213911546694279,563.3372719498078
1888-09-01,5.38,0.235,0.285,8.087381157,3.5233333333333334,209.42477448760127,9.147736432079238,579.3879132696475
1888-10-01,5.35,0.2333,0.2767,8.18251405,3.505,205.835706753232,8.97597577299608,571.5279001463792
1888-11-01,5.24,0.2317,0.2683,8.277679339,3.486666666666667,199.28581217538277,8.81193180935805,555.3802705323716
1888-12-01,5.14,0.23,0.26,8.277679339,3.4683333333333333,195.48264782089075,8.747278015331688,546.8128585982686
1889-01-01,5.24,0.2292,0.2633,7.992232066,3.45,206.40342227019624,9.028180226016978,579.4654429529207
1889-02-01,5.3,0.2283,0.2667,7.897091074,3.4475000000000002,211.28195931452933,9.101070058774916,595.290874654469
1889-03-01,5.19,0.2275,0.27,7.801941983,3.445,209.4200861862524,9.179782197952296,592.2003629483755
1889-04-01,5.18,0.2267,0.2733,7.801941983,3.4425,209.01657927645226,9.147501645168289,593.2149387146983
1889-05-01,5.32,0.2258,0.2767,7.611651901,3.4400000000000004,220.03228363346048,9.33896421887883,626.6876333999287
1889-06-01,5.41,0.225,0.28,7.611651901,3.4375,223.75463429643256,9.30587665743019,639.4982123721547
1889-07-01,5.3,0.2242,0.2833,7.611651901,3.4350000000000005,219.20509459724448,9.27278909598155,628.7039711349796
1889-08-01,5.37,0.2233,0.2867,7.611651901,3.4325,222.10025622400056,9.235565589351829,639.2149920863606
1889-09-01,5.5,0.2225,0.29,7.706792893,3.4299999999999997,224.66876287446132,9.088872679921389,648.7871254143745
1889-10-01,5.4,0.2217,0.2933,7.706792893,3.4275,220.58387627674387,9.056193587139651,639.1703307963006
1889-11-01,5.35,0.2208,0.2967,7.706792893,3.4250000000000003,218.5414329778851,9.019429607760191,635.4300007123815
1889-12-01,5.32,0.22,0.3,7.801941983,3.4225,214.6656760136537,8.87715201560222,626.3117990480267
1890-01-01,5.38,0.22,0.2992,7.611651901,3.42,222.51385074210853,9.099079398376187,651.4220523458981
1890-02-01,5.32,0.22,0.2983,7.611651901,3.4366666666666665,220.03228363346048,9.099079398376187,646.3769621015836
1890-03-01,5.28,0.22,0.2975,7.611651901,3.4533333333333336,218.37790556102848,9.099079398376187,643.744474473977
1890-04-01,5.39,0.22,0.2967,7.611651901,3.4699999999999998,222.92744526021653,9.099079398376187,659.391041561886
1890-05-01,5.62,0.22,0.2958,7.706792893,3.4866666666666664,229.57062679172228,8.986750514978453,681.2558667542951
1890-06-01,5.58,0.22,0.295,7.706792893,3.5033333333333334,227.9366721526353,8.986750514978453,678.6294354767726
1890-07-01,5.54,0.22,0.2942,7.706792893,3.5199999999999996,226.30271751354832,8.986750514978453,675.9943749447541
1890-08-01,5.41,0.22,0.2933,7.992232066,3.536666666666667,213.09971650415298,8.665792538061675,638.712518191434
1890-09-01,5.32,0.22,0.2925,8.087381157,3.5533333333333337,207.0891822070704,8.563838361946521,622.8364564040045
1890-10-01,5.08,0.22,0.2917,8.087381157,3.57,197.74681308494692,8.563838361946521,596.884937387171
1890-11-01,4.71,0.22,0.2908,7.897091074,3.586666666666667,187.76189214555342,8.770194537584237,568.9521695272595
1890-12-01,4.6,0.22,0.29,7.897091074,3.6033333333333335,183.3767948767613,8.770194537584237,557.87914428876
1891-01-01,4.84,0.22,0.2942,7.801941983,3.62,195.29734434324885,8.87715201560222,596.3950541384478
1891-02-01,4.9,0.22,0.2983,7.897091074,3.618333333333333,195.33615106437617,8.770194537584237,598.7454147740648
1891-03-01,4.81,0.22,0.3025,7.992232066,3.616666666666667,189.46573685489383,8.665792538061675,582.9649258835375
1891-04-01,4.97,0.22,0.3067,8.087381157,3.6149999999999998,193.46489390397366,8.563838361946521,597.4657170097637
1891-05-01,4.95,0.22,0.3108,7.992232066,3.6133333333333333,194.98033210638766,8.665792538061675,604.3759209296046
1891-06-01,4.85,0.22,0.315,7.801941983,3.611666666666667,195.70085125304894,8.87715201560222,608.9023219106588
1891-07-01,4.77,0.22,0.3192,7.706792893,3.61,194.8490907111237,8.986750514978453,608.5822694766899
1891-08-01,4.93,0.22,0.3233,7.706792893,3.6083333333333334,201.38490926747167,8.986750514978453,631.334995833785
1891-09-01,5.33,0.22,0.3275,7.611651901,3.6066666666666665,220.4458781515685,9.099079398376187,693.4676089197499
1891-10-01,5.33,0.22,0.3317,7.611651901,3.6049999999999995,220.4458781515685,9.099079398376187,695.8528946289798
1891-11-01,5.25,0.22,0.3358,7.51650281,3.6033333333333335,219.8857938696095,9.214261838345543,696.5087379742115
1891-12-01,5.41,0.22,0.34,7.51650281,3.601666666666667,226.58707520658808,9.214261838345543,720.1679236768276
1892-01-01,5.51,0.2217,0.3425,7.326212727,3.6,236.76950521887306,9.526642342472625,755.0542530302295
1892-02-01,5.52,0.2233,0.345,7.326212727,3.6125000000000003,237.19921393977845,9.595395737817487,758.9745513524508
1892-03-01,5.58,0.225,0.3475,7.135922645,3.625,246.17149209582007,9.926269842573388,790.330246766673
1892-04-01,5.57,0.2267,0.35,7.040773554,3.6374999999999997,249.05112684724767,10.136425575632146,802.2871799700705
1892-05-01,5.57,0.2283,0.3525,7.040773554,3.65,249.05112684724767,10.207966294295627,805.0274876179934
1892-06-01,5.54,0.23,0.355,7.040773554,3.6625,247.70973837230736,10.283978307875579,803.4617549221475
1892-07-01,5.54,0.2317,0.3575,7.231071736,3.675,241.19082740074768,10.08734922540672,785.0438447633754
1892-08-01,5.62,0.2333,0.36,7.326212727,3.6875,241.49630114883243,10.025104458722884,788.7573186173587
1892-09-01,5.48,0.235,0.3625,7.326212727,3.7,235.4803790561569,10.098154941276801,771.8570468883836
1892-10-01,5.59,0.2367,0.365,7.326212727,3.7125,240.20717498611623,10.171205423830717,790.128790575901
1892-11-01,5.57,0.2383,0.3675,7.51650281,3.725,233.28835654356666,9.980720891262466,770.106131366839
1892-12-01,5.51,0.24,0.37,7.611651901,3.7375,227.89057947751266,9.926268434592203,755.018203628479
1893-01-01,5.61,0.2408,0.3608,7.897091074,3.75,223.63996070839804,9.5993765665922,743.5858784497265
1893-02-01,5.51,0.2417,0.3517,7.992232066,3.7458333333333336,217.03871311236284,9.520554802043211,724.2751585017718
1893-03-01,5.31,0.2425,0.3425,7.801941983,3.7416666666666667,214.26216910385358,9.785042562652448,717.7307350343456
1893-04-01,5.31,0.2433,0.3333,7.706792893,3.7375000000000003,216.9074783387981,9.938529092246625,729.3662564513796
1893-05-01,4.84,0.2442,0.3242,7.611651901,3.7333333333333334,200.1797467642761,10.099978132197567,675.9482687016691
1893-06-01,4.61,0.245,0.315,7.421361818,3.729166666666667,195.5559401483423,10.392886190096283,663.2595077306335
1893-07-01,4.18,0.2458,0.3058,7.231071736,3.7250000000000005,181.98152681139445,10.701210356516926,620.2442691832912
1893-08-01,4.08,0.2467,0.2967,6.945632562,3.7208333333333337,184.92773531200805,11.181782426831468,633.4616655838735
1893-09-01,4.37,0.2475,0.2875,7.231071736,3.716666666666667,190.25341439373057,10.775221982253619,654.7803771343486
1893-10-01,4.5,0.2483,0.2783,7.326212727,3.7125000000000004,193.3689244074281,10.669667540080978,668.5628660044694
1893-11-01,4.57,0.2492,0.2692,7.135922645,3.7083333333333335,201.61356969137952,10.993895310085726,700.2358604049537
1893-12-01,4.41,0.25,0.26,7.040773554,3.704166666666667,197.18410581622302,11.178237291169104,688.086946515446
1894-01-01,4.32,0.2467,0.2517,6.850483471,3.7,198.52546258336935,11.337090652619723,696.0644932673824
1894-02-01,4.38,0.2433,0.2433,6.755342479,3.6800000000000006,204.11758978711592,11.338312692969247,718.984295102441
1894-03-01,4.51,0.24,0.235,6.565052397,3.66,216.26788738941434,11.508712410966616,765.1607260022225
1894-04-01,4.57,0.2367,0.2267,6.565052397,3.64,219.14506549215602,11.350467615315825,778.6867656653106
1894-05-01,4.4,0.2333,0.2183,6.565052397,3.62,210.9930608677213,11.187427522827132,753.0329841276097
1894-06-01,4.34,0.23,0.21,6.565052397,3.6000000000000005,208.11588276497966,11.029182727176343,746.0446098430921
1894-07-01,4.25,0.2267,0.2017,6.565052397,3.58,203.80011561086718,10.870937931525551,733.8211101199909
1894-08-01,4.41,0.2233,0.1933,6.755342479,3.5599999999999996,205.5156554705893,10.406268903986982,743.1207172795836
1894-09-01,4.48,0.22,0.185,6.850483471,3.54,205.8782574938645,10.110093001930846,747.4782541163071
1894-10-01,4.34,0.2167,0.1767,6.660193388,3.5200000000000005,205.1429433658362,10.242966780501545,747.9076418085068
1894-11-01,4.34,0.2133,0.1683,6.660193388,3.5,205.1429433658362,10.082255718878539,750.9707888898769
1894-12-01,4.3,0.21,0.16,6.565052397,3.4800000000000004,206.19776402981856,10.07012335959579,757.9041830220984
1895-01-01,4.25,0.2083,0.1675,6.565052397,3.46,203.80011561086718,9.988603313351444,752.1508677412892
1895-02-01,4.19,0.2067,0.175,6.565052397,3.4716666666666667,200.92293750812553,9.911878563944999,744.5806904783166
1895-03-01,4.19,0.205,0.1825,6.565052397,3.4833333333333334,200.92293750812553,9.83035851770065,747.6164709386994
1895-04-01,4.37,0.2033,0.19,6.850483471,3.495,200.82321099289905,9.342645033147914,750.1423270206268
1895-05-01,4.61,0.2017,0.1975,6.945632562,3.506666666666667,208.95021073244052,9.14213828736079,783.3451552067581
1895-06-01,4.7,0.2,0.205,7.040773554,3.518333333333333,210.15086107397917,8.942589832935283,790.6401219096763
1895-07-01,4.72,0.1983,0.2125,6.945632562,3.53,213.93600751781324,8.988031841267452,807.6987253182182
1895-08-01,4.79,0.1967,0.22,6.850483471,3.541666666666667,220.12429763294884,9.039342243089989,833.9060767761026
1895-09-01,4.82,0.195,0.2275,6.850483471,3.5533333333333332,221.50294667866672,8.961218797165976,841.9578838848489
1895-10-01,4.75,0.1933,0.235,6.850483471,3.5649999999999995,218.28609890532508,8.883095351241966,832.5440843774435
1895-11-01,4.59,0.1917,0.2425,6.850483471,3.5766666666666667,210.9333039948299,8.809567402137013,807.3004713769252
1895-12-01,4.32,0.19,0.25,6.755342479,3.588333333333334,201.3214584201691,8.854415995331511,773.3372889697431
1896-01-01,4.27,0.1892,0.2467,6.660193388,3.6,201.83418621477432,8.943097899727237,778.1695977262173
1896-02-01,4.45,0.1883,0.2433,6.565052397,3.5833333333333335,213.39070928667272,9.029543945770891,825.6267611430627
1896-03-01,4.38,0.1875,0.24,6.565052397,3.5666666666666664,210.03400150014076,8.991181571067669,815.5383442583089
1896-04-01,4.42,0.1867,0.2367,6.469903306,3.55,215.06917633677546,9.084483081917643,838.0288623323843
1896-05-01,4.4,0.1858,0.2333,6.374754215,3.533333333333333,217.29159325713715,9.175631369812745,849.6680779522367
1896-06-01,4.32,0.185,0.23,6.279613223,3.5166666666666666,216.57311552546247,9.274543141715407,849.8807998362689
1896-07-01,4.04,0.1842,0.2267,6.279613223,3.5,202.53596914881211,9.23443700921069,797.8157642629659
1896-08-01,3.81,0.1833,0.2233,6.279613223,3.4833333333333334,191.00545605370647,9.189317610142886,755.4120538715388
1896-09-01,4.01,0.1825,0.22,6.279613223,3.466666666666667,201.03198917988524,9.14921147763817,798.0815995653979
1896-10-01,4.1,0.1817,0.2167,6.469903306,3.4499999999999997,199.49855723547043,8.841192158459751,794.918896836877
1896-11-01,4.38,0.1808,0.2133,6.660193388,3.4333333333333336,207.03366173787157,8.546047041599811,827.7808628914986
1896-12-01,4.22,0.18,0.21,6.660193388,3.4166666666666665,199.47078824973013,8.508232674159105,800.377158526369
1897-01-01,4.22,0.18,0.2183,6.469903306,3.4,205.33753939845985,8.758473244484069,826.8461325278602
1897-02-01,4.18,0.18,0.2267,6.469903306,3.3958333333333335,203.39121201079672,8.758473244484069,821.9477549654913
1897-03-01,4.19,0.18,0.235,6.469903306,3.3916666666666666,203.8777938577125,8.758473244484069,826.8637104377729
1897-04-01,4.06,0.18,0.2433,6.374754215,3.3874999999999997,200.50087923272199,8.889201542337428,816.1723303979799
1897-05-01,4.08,0.18,0.2517,6.279613223,3.3833333333333333,204.54127577404785,9.023879813560935,835.6805405060329
1897-06-01,4.27,0.18,0.26,6.279613223,3.3791666666666664,214.06648224391773,9.023879813560935,877.6693911932233
1897-07-01,4.46,0.18,0.2683,6.279613223,3.375,223.59168871378762,9.023879813560935,919.8057436978162
1897-08-01,4.75,0.18,0.2767,6.565052397,3.3708333333333336,227.77659980038098,8.631534308224962,939.9805387288756
1897-09-01,4.98,0.18,0.285,6.755342479,3.3666666666666667,232.07890345658384,8.38839410084038,960.6198799949127
1897-10-01,4.82,0.18,0.2933,6.660193388,3.3625000000000003,227.8315638302605,8.508232674159105,945.9740819036444
1897-11-01,4.65,0.18,0.3017,6.660193388,3.3583333333333334,219.79601074911022,8.508232674159105,915.5537535436724
1897-12-01,4.75,0.18,0.31,6.660193388,3.3541666666666665,224.52280667919862,8.508232674159105,938.1964807818492
1898-01-01,4.88,0.1817,0.3133,6.660193388,3.35,230.66764138831348,8.588588204970607,966.8641441253183
1898-02-01,4.87,0.1833,0.3167,6.755342479,3.3291666666666666,226.95266261718137,8.542181326022453,954.2762535303359
1898-03-01,4.65,0.185,0.32,6.755342479,3.308333333333333,216.70018093837646,8.621405048085945,914.1881597175883
1898-04-01,4.57,0.1867,0.3233,6.755342479,3.2875,212.9720057824474,8.700628770149438,901.5189535543337
1898-05-01,4.87,0.1883,0.3267,7.231071736,3.2666666666666666,212.02153961040455,8.19787595659942,900.3874203819651
1898-06-01,5.06,0.19,0.33,6.755342479,3.2458333333333336,235.80707861251287,8.854415995331511,1004.5304579706398
1898-07-01,5.08,0.1917,0.3333,6.660193388,3.225,240.12123324849028,9.061267797979447,1026.125341323755
1898-08-01,5.27,0.1933,0.3367,6.660193388,3.2041666666666666,249.1021455156582,9.136896532860861,1067.757818467719
1898-09-01,5.26,0.195,0.34,6.660193388,3.1833333333333336,248.6294659226494,9.217252063672364,1069.0241346660916
1898-10-01,5.15,0.1967,0.3433,6.660193388,3.1625,243.42999039955217,9.297607594483866,1049.9995020540762
1898-11-01,5.32,0.1983,0.3467,6.660193388,3.1416666666666666,251.46554348070242,9.37323632936528,1088.028852951287
1898-12-01,5.65,0.2,0.35,6.755342479,3.1208333333333336,263.3023703874897,9.320437889822644,1142.6044598417402
1899-01-01,6.08,0.2008,0.3608,6.755342479,3.1,283.34131185060835,9.357719641381934,1232.9477340057458
1899-02-01,6.31,0.2017,0.3717,6.945632562,3.104166666666667,286.0034337791105,9.14213828736079,1247.846980650255
1899-03-01,6.4,0.2025,0.3825,6.945632562,3.1083333333333334,290.0827220580519,9.17839862761805,1268.9822652868631
1899-04-01,6.48,0.2033,0.3933,7.040773554,3.1125000000000003,289.7399105871032,9.090142565178716,1270.7963942405195
1899-05-01,6.21,0.2042,0.4042,7.040773554,3.116666666666667,277.6674143126406,9.130384219426924,1221.1836924190768
1899-06-01,6.07,0.205,0.415,7.135922645,3.1208333333333336,267.7887019752021,9.043934745455754,1181.0516386310594
1899-07-01,6.28,0.2058,0.4258,7.231071736,3.125,273.40765272142517,8.959760339183012,1209.126382760623
1899-08-01,6.44,0.2067,0.4367,7.326212727,3.129166666666667,276.73241626307487,8.88207926111453,1227.1032839059467
1899-09-01,6.37,0.2075,0.4475,7.611651901,3.1333333333333337,263.4597080348014,8.582086250741176,1171.4199206186347
1899-10-01,6.34,0.2083,0.4583,7.706792893,3.1374999999999997,258.98181029528814,8.508818783045507,1154.6625879868595
1899-11-01,6.46,0.2092,0.4692,7.801941983,3.1416666666666666,260.6654637308652,8.441364553018111,1165.3054034679844
1899-12-01,6.02,0.21,0.48,7.897091074,3.145833333333333,239.984414164805,8.371549331330407,1075.969487989121
1900-01-01,6.1,0.2175,0.48,7.897091074,3.15,243.1735758148356,8.670533236020779,1093.5076119108705
1900-02-01,6.21,0.225,0.48,7.992232066,3.145833333333333,244.6116893698318,8.862742368472166,1103.2957277922897
1900-03-01,6.26,0.2325,0.48,7.992232066,3.1416666666666666,246.5811876739367,9.158167114087904,1115.6211933503555
1900-04-01,6.34,0.24,0.48,7.992232066,3.1374999999999997,249.7323849605046,9.453591859703643,1133.442618164259
1900-05-01,6.04,0.2475,0.48,7.801941983,3.1333333333333337,243.71817351926097,9.986796017552496,1109.9235410890735
1900-06-01,5.86,0.255,0.48,7.706792893,3.129166666666667,239.37435462624424,10.41646082417957,1094.094394928514
1900-07-01,5.86,0.2625,0.48,7.801941983,3.125,236.45504914285914,10.59205638225265,1084.785670204351
1900-08-01,5.94,0.27,0.48,7.706792893,3.1208333333333336,242.64226390441823,11.029193813837193,1117.3873333535348
1900-09-01,5.8,0.2775,0.48,7.801941983,3.116666666666667,234.0340076840585,11.1973167469528,1082.0426603638614
1900-10-01,6.01,0.285,0.48,7.706792893,3.1125000000000003,245.50168452282043,11.641926803494812,1139.5482802044899
1900-11-01,6.48,0.2925,0.48,7.706792893,3.1083333333333334,264.70065153209265,11.948293298323625,1233.286080708
1900-12-01,6.87,0.3,0.48,7.611651901,3.104166666666667,284.1394339402018,12.407835543240253,1328.6722481741226
1901-01-01,7.07,0.3017,0.4817,7.706792893,3.1,288.80148245862574,12.324102865313632,1355.2750050306763
1901-02-01,7.25,0.3033,0.4833,7.611651901,3.106666666666667,299.85602562830616,12.544321734215897,1412.056903743299
1901-03-01,7.51,0.305,0.485,7.611651901,3.1133333333333333,310.6094830991143,12.614632802294256,1467.6465002412388
1901-04-01,8.14,0.3067,0.4867,7.51650281,3.12,340.92768801878503,12.845518662820806,1615.9596283319145
1901-05-01,7.73,0.3083,0.4883,7.51650281,3.126666666666667,323.75565459277743,12.912531476190592,1539.6664156171491
1901-06-01,8.5,0.31,0.49,7.51650281,3.1333333333333333,356.00557102698684,12.98373259039599,1698.1810153276256
1901-07-01,7.93,0.3117,0.4917,7.611651901,3.14,327.98045285965065,12.891741129426622,1569.6230614300305
1901-08-01,8.04,0.3133,0.4933,7.706792893,3.146666666666667,328.42488245648525,12.797949710648862,1576.8539294307518
1901-09-01,8.0,0.315,0.495,7.801941983,3.1533333333333333,322.80552784008074,12.710467658703179,1554.9594591298169
1901-10-01,7.91,0.3167,0.4967,7.801941983,3.16,319.1739656518798,12.779063833369197,1542.595911680298
1901-11-01,8.08,0.3183,0.4983,7.897091074,3.1666666666666665,322.10532665309375,12.688876915059375,1561.873976192797
1901-12-01,7.95,0.32,0.5,7.992232066,3.173333333333334,313.1502303526832,12.604789146271527,1523.5444614893809
1902-01-01,8.12,0.3208,0.5108,7.897091074,3.18,323.6999074781091,12.78853821662283,1580.0558714151746
1902-02-01,8.19,0.3217,0.5217,7.897091074,3.1900000000000004,326.49042392188585,12.824416285185675,1598.8936270168062
1902-03-01,8.2,0.3225,0.5325,7.897091074,3.1999999999999997,326.8890691281397,12.856307901685982,1606.0925528405235
1902-04-01,8.48,0.3233,0.5433,7.992232066,3.21,334.0269123761954,12.73477603434245,1646.3767772872802
1902-05-01,8.46,0.3242,0.5542,8.087381157,3.2199999999999998,329.3185115548526,12.619983622468464,1628.3531863223784
1902-06-01,8.41,0.325,0.565,8.18251405,3.2300000000000004,323.5660362233049,12.504038260710356,1605.0617160458526
1902-07-01,8.6,0.3258,0.5758,8.18251405,3.2399999999999998,330.8760893603355,12.534817431813641,1646.505134790128
1902-08-01,8.83,0.3267,0.5867,8.087381157,3.25,343.7213306181263,12.717299967490584,1715.6992573016491
1902-09-01,8.85,0.3275,0.5975,8.18251405,3.26,340.49458033011274,12.600223170408128,1704.8340109173628
1902-10-01,8.57,0.3283,0.6083,8.753424793,3.27,308.21694380210124,11.807190507611416,1548.1484894306604
1902-11-01,8.24,0.3292,0.6192,8.467928926,3.2800000000000002,306.3399944271097,12.238728903568507,1543.8435707872777
1902-12-01,8.05,0.33,0.63,8.563094215,3.29,295.95034503541325,12.132125945551104,1496.5785984490633
1903-01-01,8.46,0.3317,0.6217,8.658259504,3.3,307.6050473850525,12.060590333052236,1560.597152711117
1903-02-01,8.41,0.3333,0.6133,8.658259504,3.308333333333333,305.7870506510983,12.118766228538771,1556.4973569996507
1903-03-01,8.08,0.335,0.605,8.372844628,3.3166666666666664,303.80297414017673,12.595791625861287,1551.7409963962284
1903-04-01,7.75,0.3367,0.5967,8.372844628,3.325,291.39517940425367,12.659710568440284,1493.753958934982
1903-05-01,7.6,0.3383,0.5883,8.18251405,3.333333333333333,292.40212548122673,13.0157419803025,1504.475902601299
1903-06-01,7.18,0.34,0.58,8.18251405,3.341666666666667,276.2430606520011,13.081147718896988,1426.9426049891706
1903-07-01,6.85,0.3417,0.5717,8.18251405,3.3499999999999996,263.54665257189515,13.146553457491471,1367.0179714279784
1903-08-01,6.63,0.3433,0.5633,8.18251405,3.3583333333333334,255.08238051849128,13.208111799698047,1328.8229571338347
1903-09-01,6.47,0.345,0.555,8.277679339,3.3666666666666663,246.06473373563483,13.12091702299753,1287.542536027996
1903-10-01,6.26,0.3467,0.5467,8.18251405,3.3749999999999996,240.847013883221,13.338923276887018,1266.0569961100462
1903-11-01,6.28,0.3483,0.5383,8.087381157,3.3833333333333333,244.4586586955643,13.558113188481697,1290.9815049232213
1903-12-01,6.57,0.35,0.53,8.087381157,3.3916666666666666,255.7473547181302,13.624288303096737,1356.5926934032632
1904-01-01,6.68,0.3467,0.5267,8.277679339,3.4,254.05137888006809,13.185570817023896,1353.4250059853323
1904-02-01,6.5,0.3433,0.5233,8.467928926,3.4066666666666667,241.65169463303556,12.762927195003247,1293.033400452821
1904-03-01,6.48,0.34,0.52,8.372844628,3.4133333333333336,243.6439693599437,12.783788515799516,1309.3939998079322
1904-04-01,6.64,0.3367,0.5167,8.277679339,3.42,252.5301131382713,12.805254381574692,1362.8848522600326
1904-05-01,6.5,0.3333,0.5133,8.087381157,3.4266666666666667,253.02249705751083,12.97421511834898,1371.3772758484113
1904-06-01,6.51,0.33,0.51,8.087381157,3.4333333333333336,253.41176243759932,12.845757542919783,1379.2890678244598
1904-07-01,6.78,0.3267,0.5067,8.087381157,3.44,263.92192769998826,12.717299967490584,1442.262830218335
1904-08-01,7.01,0.3233,0.5033,8.18251405,3.4466666666666663,269.7024867925526,12.43863252211587,1479.5165250826437
1904-09-01,7.32,0.32,0.5,8.277679339,3.453333333333333,278.39163074881714,12.170125934374521,1532.7463788826624
1904-10-01,7.75,0.3167,0.4967,8.277679339,3.46,294.74523747313293,12.044621510676283,1628.3109518929843
1904-11-01,8.17,0.3133,0.4933,8.467928926,3.466666666666667,303.73759156183087,11.647611681312315,1683.3511732618258
1904-12-01,8.25,0.31,0.49,8.467928926,3.473333333333333,306.71176626500664,11.524926974806311,1705.157129912606
1905-01-01,8.43,0.3117,0.505,8.467928926,3.48,313.40365934715226,11.588128187248795,1747.729219589424
1905-02-01,8.8,0.3133,0.52,8.467928926,3.475833333333333,327.15921734934045,11.647611681312315,1829.8514151160593
1905-03-01,9.05,0.315,0.535,8.372844628,3.4716666666666667,340.274370788193,11.843804066108373,1908.726819446243
1905-04-01,8.94,0.3167,0.55,8.372844628,3.4675,336.1384392095519,11.907723008687372,1891.0930660581175
1905-05-01,8.5,0.3183,0.565,8.277679339,3.463333333333333,323.2689701318232,12.105472140348157,1824.3656508479173
1905-06-01,8.6,0.32,0.58,8.277679339,3.4591666666666665,327.07213448631524,12.170125934374521,1851.552276233102
1905-07-01,8.87,0.3217,0.595,8.277679339,3.455,337.34067824344373,12.234779728400884,1915.4541535805772
1905-08-01,9.2,0.3233,0.61,8.372844628,3.4508333333333336,345.91427748633976,12.155878903405831,1969.8877668185423
1905-09-01,9.23,0.325,0.625,8.277679339,3.4466666666666663,351.0320699196151,12.360284152099123,2004.8979081775449
1905-10-01,9.36,0.3267,0.64,8.277679339,3.4425000000000003,355.97618358045474,12.424937946125487,2039.049595459583
1905-11-01,9.31,0.3283,0.655,8.372844628,3.438333333333334,350.0502090649809,12.34387579334406,2010.9975089609684
1905-12-01,9.54,0.33,0.67,8.467928926,3.434166666666667,354.6703333537167,12.268470650600268,2043.4129933733525
1906-01-01,9.87,0.3358,0.6775,8.467928926,3.43,366.93880400431703,12.484098316580512,2120.0909592794783
1906-02-01,9.8,0.3417,0.685,8.467928926,3.45,364.33640113903823,12.703443700939731,2111.171326342895
1906-03-01,9.56,0.3475,0.6925,8.467928926,3.4700000000000006,355.4138770295108,12.919071366919978,2065.707539064295
1906-04-01,9.43,0.3533,0.7,8.467928926,3.49,350.58084313685004,13.134699032900226,2043.9790759594405
1906-05-01,9.18,0.3592,0.7075,8.563094215,3.51,337.4936853944216,13.205635271642292,1974.0935125562855
1906-06-01,9.3,0.365,0.715,8.563094215,3.5300000000000002,341.9053675564402,13.418866576139855,2006.439543694304
1906-07-01,9.06,0.3708,0.7225,8.277679339,3.55,344.5666905169786,14.102133426456477,2028.9536880651722
1906-08-01,9.73,0.3767,0.73,8.467928926,3.5700000000000003,361.7339982737594,14.004645133579151,2136.914124880104
1906-09-01,10.03,0.3825,0.7375,8.563094215,3.59,368.74310070871985,14.062236891434232,2185.242453060897
1906-10-01,9.73,0.3883,0.745,8.753424793,3.61,349.935923359912,13.965068760601625,2080.6841471171133
1906-11-01,9.93,0.3942,0.7525,8.848509091,3.6300000000000003,353.2912161077647,14.024914137933619,2107.5836121628963
1906-12-01,9.84,0.4,0.76,8.94367438,3.6499999999999995,346.36405222078326,14.079839521170053,2073.2586512967746
1907-01-01,9.56,0.4033,0.7517,8.848509091,3.67,340.1272936546053,14.348675473943754,2043.084126478308
1907-02-01,9.26,0.4067,0.7433,9.038839669,3.6866666666666665,322.51654324592283,14.164954442561212,1944.3900127044951
1907-03-01,8.35,0.41,0.735,8.94367438,3.7033333333333336,293.91665000442487,14.431835509199303,1779.2173370810303
1907-04-01,8.39,0.4133,0.7267,8.94367438,3.7199999999999998,295.3246339565419,14.547994185248957,1795.079361504329
1907-05-01,8.1,0.4167,0.7183,9.134004959,3.736666666666667,279.1756065872748,14.362033983323137,1704.1950709527355
1907-06-01,7.84,0.42,0.71,9.229089256,3.753333333333333,267.4304832836478,14.326633033052559,1639.7862686279443
1907-07-01,8.14,0.4233,0.7017,9.229089256,3.7699999999999996,277.66379259297105,14.439199435455116,1709.9111845991479
1907-08-01,7.53,0.4267,0.6933,9.229089256,3.7866666666666666,256.85606366401373,14.555176940960779,1589.2423601847609
1907-09-01,7.45,0.43,0.685,9.229089256,3.8033333333333337,254.12718118152756,14.667743343363332,1579.9207748494587
1907-10-01,6.64,0.4333,0.6767,9.324254545,3.82,224.18556785549453,14.629458818040028,1401.3516771925067
1907-11-01,6.25,0.4367,0.6683,8.94367438,3.836666666666667,219.9974925182821,15.371664797237406,1383.1797935907055
1907-12-01,6.57,0.44,0.66,8.753424793,3.853333333333333,236.2876687024277,15.824440521928189,1493.8912663339058
1908-01-01,6.85,0.4367,0.6533,8.658259504,3.87,249.0655525517269,15.87838347435608,1583.0431212178203
1908-02-01,6.6,0.4333,0.6467,8.563094215,3.8608333333333333,242.64251891102205,15.929849006688766,1550.656188077986
1908-03-01,6.87,0.43,0.64,8.563094215,3.8516666666666666,252.56880377556388,15.808527747233255,1622.511089722509
1908-04-01,7.24,0.4267,0.6333,8.658259504,3.8425,263.2459270765697,15.514784127565239,1699.406941916816
1908-05-01,7.63,0.4233,0.6267,8.658259504,3.833333333333333,277.42630160141255,15.391160349656351,1799.2294954007486
1908-06-01,7.64,0.42,0.62,8.658259504,3.8241666666666663,277.78990094820347,15.271172565215373,1809.8409406554063
1908-07-01,7.92,0.4167,0.6133,8.753424793,3.8149999999999995,284.8399293947073,14.98646446701699,1863.9094644198544
1908-08-01,8.26,0.4133,0.6067,8.753424793,3.805833333333333,297.0679061616519,14.864184699347543,1952.0313541134335
1908-09-01,8.17,0.41,0.6,8.753424793,3.7966666666666664,293.8310887821666,14.745501395433083,1938.8366304728368
1908-10-01,8.27,0.4067,0.5933,8.848509091,3.7874999999999996,294.2314559125089,14.469641247837654,1949.4349042779593
1908-11-01,8.83,0.4033,0.5867,8.94367438,3.778333333333333,310.8124574298289,14.195998197219705,2067.1305605674775
1908-12-01,9.03,0.4,0.58,9.038839669,3.769166666666667,314.50587316530056,13.93160014021265,2099.4157602125388
1909-01-01,9.06,0.4033,0.595,8.94367438,3.76,318.9083651545017,14.195998197219705,2136.700499849524
1909-02-01,8.8,0.4067,0.61,9.038839669,3.7725,306.4952030846783,14.164954442561212,2061.4405711303034
1909-03-01,8.92,0.41,0.625,9.038839669,3.7849999999999997,310.6746831267421,14.279890143717966,2097.554823560143
1909-04-01,9.32,0.4133,0.64,9.229089256,3.7975,317.9148092096425,14.09808912514434,2154.3694121023414
1909-05-01,9.63,0.4167,0.655,9.324254545,3.8099999999999996,325.1365991639176,14.068994898401291,2211.25327074387
1909-06-01,9.8,0.42,0.67,9.419419835,3.8225,327.5334154377887,14.037146375905229,2235.5095628117347
1909-07-01,9.94,0.4233,0.685,9.419419835,3.835,332.212464229757,14.147438240287341,2275.4921075690636
1909-08-01,10.18,0.4267,0.7,9.514585124,3.8474999999999997,336.83065874475864,14.118432424989052,2315.183163904159
1909-09-01,10.19,0.43,0.715,9.609669421,3.8600000000000003,333.82543893650154,14.086843841285148,2302.5957339320253
1909-10-01,10.23,0.4333,0.73,9.8,3.8724999999999996,328.6270063775512,13.91926508928572,2274.739802315513
1909-11-01,10.18,0.4367,0.745,9.895165289,3.885,323.8757394545632,13.893569294676597,2249.8659851917137
1909-12-01,10.3,0.44,0.76,9.990330579,3.8975000000000004,324.57200483595744,13.865211857070028,2262.729178289082
1910-01-01,10.08,0.4425,0.7575,9.895165289,3.91,320.69424889017654,14.078095747411023,2243.874394352841
1910-02-01,9.72,0.445,0.755,9.895165289,3.9158333333333335,309.2408828583845,14.157633011520689,2171.991017384279
1910-03-01,9.96,0.4475,0.7525,10.08541488,3.921666666666667,310.898955304058,13.96860266049859,2191.8125397743725
1910-04-01,9.72,0.45,0.75,10.18058017,3.9274999999999998,300.57124435964255,13.915335387020487,2127.1781771861192
1910-05-01,9.56,0.4525,0.7475,9.990330579,3.9333333333333336,301.253239439976,14.259109921191333,2140.414187219328
1910-06-01,9.1,0.455,0.745,9.895165289,3.9391666666666665,289.51564135918716,14.475782067959358,2065.5890753340923
1910-07-01,8.64,0.4575,0.7425,9.895165289,3.9450000000000003,274.8807847630085,14.555319332069024,1969.8285927894144
1910-08-01,8.85,0.46,0.74,9.8,3.9508333333333336,284.29609056122456,14.776971938775517,2046.1242630836618
1910-09-01,8.91,0.4625,0.7375,9.704834711,3.956666666666667,289.03022009438956,15.00297158177948,2089.1947790817435
1910-10-01,9.32,0.465,0.735,9.419419835,3.9625,311.4909624367541,15.541126344752216,2260.9088958782586
1910-11-01,9.31,0.4675,0.7325,9.229089256,3.9683333333333333,317.57369889933176,15.946907007028742,2314.705175684467
1910-12-01,9.05,0.47,0.73,9.229089256,3.9741666666666666,308.70483083125157,16.032184584606433,2259.8003357671396
1911-01-01,9.27,0.47,0.7183,9.229089256,3.98,316.20925765808863,16.032184584606433,2324.5146916072486
1911-02-01,9.43,0.47,0.7067,8.94367438,3.9825,331.932216711584,16.543811437374814,2450.231895476992
1911-03-01,9.32,0.47,0.695,9.038839669,3.985,324.6062832669548,16.369630164749864,2406.223553133324
1911-04-01,9.28,0.47,0.6833,8.753424793,3.9875,333.7518364624854,16.903379648423293,2484.458908807057
1911-05-01,9.48,0.47,0.6717,8.753424793,3.99,340.94476397245273,16.903379648423293,2548.489054894307
1911-06-01,9.67,0.47,0.66,8.753424793,3.9924999999999997,347.77804510692175,16.903379648423293,2610.095462251545
1911-07-01,9.63,0.47,0.6483,8.848509091,3.995,342.6177654700679,16.72173933239168,2581.8253880675657
1911-08-01,9.17,0.47,0.6367,9.134004959,3.9975,316.05435955621107,16.199078406915945,2391.827039028548
1911-09-01,8.67,0.47,0.625,9.229089256,4.0,295.7426390394421,16.032184584606433,2248.223246663266
1911-10-01,8.72,0.47,0.6133,9.229089256,4.0024999999999995,297.44819059099603,16.032184584606433,2271.345112041291
1911-11-01,9.07,0.47,0.6017,9.134004959,4.005,312.6077471292077,16.199078406915945,2397.4132048830566
1911-12-01,9.11,0.47,0.59,9.038839669,4.0075,317.29219319334305,16.369630164749864,2443.8002515186245
1912-01-01,9.12,0.4708,0.5992,9.134004959,4.01,314.33105334270937,16.22665130633197,2431.408278071231
1912-02-01,9.04,0.4717,0.6083,9.229089256,4.046666666666667,308.3637205209408,16.090173337359268,2395.6215687598483
1912-03-01,9.3,0.4725,0.6175,9.419419835,4.083333333333333,310.82252689504435,15.791789672893382,2424.947215641195
1912-04-01,9.59,0.4733,0.6267,9.704834711,4.12,311.0886431767896,15.353311242499952,2437.0052178488395
1912-05-01,9.58,0.4742,0.6358,9.704834711,4.156666666666666,310.7642546020484,15.382506214226657,2444.505976001099
1912-06-01,9.58,0.475,0.645,9.609669421,4.193333333333333,313.8417767430505,15.561048429326616,2478.914515903827
1912-07-01,9.59,0.4758,0.6542,9.609669421,4.23,314.1693777626153,15.5872565108918,2491.7619173354165
1912-08-01,9.81,0.4767,0.6633,9.704834711,4.266666666666667,318.22519182109556,15.463603357911953,2534.1501706789545
1912-09-01,9.86,0.4775,0.6725,9.8,4.303333333333334,316.74118112244906,15.339139349489802,2532.5117112003095
1912-10-01,9.84,0.4783,0.6817,9.8,4.34,316.0987040816328,15.364838431122454,2537.6122651284627
1912-11-01,9.73,0.4792,0.6908,9.8,4.376666666666667,312.565080357143,15.39374989795919,2519.5429528611867
1912-12-01,9.38,0.48,0.7,9.704834711,4.413333333333333,304.2764831072249,15.57065158757654,2463.1891433438277
1913-01-01,9.3,0.48,0.6942,9.8,4.45,298.75182397959196,15.419448979591841,2428.8677415264947
1913-02-01,8.97,0.48,0.6883,9.8,4.425833333333333,288.1509528061226,15.419448979591841,2353.128854962765
1913-03-01,8.8,0.48,0.6825,9.8,4.401666666666667,282.6898979591838,15.419448979591841,2319.025538224174
1913-04-01,8.79,0.48,0.6767,9.8,4.3775,282.3686594387756,15.419448979591841,2326.931307104483
1913-05-01,8.55,0.48,0.6708,9.7,4.3533333333333335,277.49047036082493,15.578412371134029,2297.42949807853
1913-06-01,8.12,0.48,0.665,9.8,4.3291666666666675,260.84567857142866,15.419448979591841,2170.260647236087
1913-07-01,8.23,0.48,0.6592,9.9,4.305,261.7088042929294,15.263696969696975,2188.0248845088313
1913-08-01,8.45,0.48,0.6533,9.9,4.280833333333334,268.7046654040405,15.263696969696975,2257.1483924033996
1913-09-01,8.53,0.48,0.6475,10.0,4.256666666666667,268.5361287500001,15.111060000000005,2266.3105450494872
1913-10-01,8.26,0.48,0.6417,10.0,4.2325,260.0361575000001,15.111060000000005,2205.202523318962
1913-11-01,8.05,0.48,0.6358,10.1,4.208333333333334,250.9159096534655,14.961445544554461,2138.432672506222
1913-12-01,8.04,0.48,0.63,10.0,4.184166666666667,253.1102550000001,15.111060000000005,2167.866006681835
1914-01-01,8.37,0.475,0.6208,10.0,4.16,263.4991087500001,14.953653125000006,2267.5186366531657
1914-02-01,8.48,0.47,0.6117,9.9,4.166666666666667,269.65864646464655,14.945703282828289,2331.241831145516
1914-03-01,8.32,0.465,0.6025,9.9,4.173333333333334,264.5707474747476,14.786706439393946,2297.9089217084415
1914-04-01,8.12,0.46,0.5933,9.8,4.18,260.84567857142866,14.776971938775517,2276.250476281477
1914-05-01,8.17,0.455,0.5842,9.9,4.1866666666666665,259.8008421717173,14.46871275252526,2277.654467998097
1914-06-01,8.13,0.45,0.575,9.9,4.193333333333333,258.52886742424255,14.309715909090915,2276.957511306543
1914-07-01,7.68,0.445,0.5658,10.0,4.2,241.7769600000001,14.009211875000005,2139.6994037638065
1914-08-01,7.68,0.44,0.5567,10.2,4.206666666666667,237.03623529411777,13.580200980392165,2107.7597867788386
1914-09-01,7.68,0.435,0.5475,10.2,4.213333333333333,237.03623529411777,13.42588051470589,2117.70852275159
1914-10-01,7.68,0.43,0.5383,10.1,4.220000000000001,239.38312871287138,13.402961633663372,2148.6545650698
1914-11-01,7.68,0.425,0.5292,10.2,4.226666666666667,237.03623529411777,13.117239583333339,2137.400798441514
1914-12-01,7.35,0.42,0.52,10.1,4.233333333333333,229.0971349009902,13.091264851485155,2075.649622836787
1915-01-01,7.48,0.4208,0.55,10.1,4.24,233.14919306930707,13.116200594059412,2122.264665613602
1915-02-01,7.38,0.4217,0.58,10.0,4.224166666666667,232.3325475000001,13.275695837500006,2124.9013477516946
1915-03-01,7.57,0.4225,0.61,9.9,4.208333333333334,240.72122095959608,13.435233270202025,2211.863545677975
1915-04-01,8.14,0.4233,0.64,10.0,4.1925,256.2583925000001,13.326066037500008,2364.8304915334984
1915-05-01,7.95,0.4242,0.67,10.1,4.176666666666667,247.79894183168327,13.222177500000006,2296.932294447055
1915-06-01,8.04,0.425,0.7,10.1,4.160833333333333,250.60421287128725,13.247113242574262,2333.1679663877558
1915-07-01,8.01,0.4258,0.73,10.1,4.145,249.66912252475257,13.27204898514852,2334.7592024179
1915-08-01,8.35,0.4267,0.76,10.1,4.129166666666666,260.266813118812,13.300101695544562,2444.227151830476
1915-09-01,8.66,0.4275,0.79,10.1,4.113333333333333,269.92941336633675,13.32503743811882,2545.399128998309
1915-10-01,9.14,0.4283,0.82,10.2,4.0975,282.09781127451,13.21909109068628,2670.533391302505
1915-11-01,9.46,0.4292,0.85,10.3,4.081666666666667,289.13961893203896,13.118258398058257,2747.544900101722
1915-12-01,9.48,0.43,0.88,10.3,4.065833333333333,289.7509077669904,13.142709951456315,2763.7610301498908
1916-01-01,9.33,0.4408,0.9342,10.4,4.05,282.42425841346164,13.343259711538467,2704.4826094882787
1916-02-01,9.2,0.4517,0.9883,10.4,4.0649999999999995,278.4890865384616,13.673208737980776,2677.7107438568396
1916-03-01,9.17,0.4625,1.042,10.5,4.08,274.9373416666668,13.866796130952388,2654.6711588333515
1916-04-01,9.07,0.4733,1.097,10.6,4.095,269.37365212264166,14.05673093160378,2612.261133397827
1916-05-01,9.27,0.4842,1.151,10.7,4.109999999999999,272.74051051401887,14.246057733644868,2656.4240095137807
1916-06-01,9.36,0.495,1.205,10.8,4.125,272.8385833333334,14.428963541666672,2669.0904205923453
1916-07-01,9.23,0.5058,1.259,10.8,4.140000000000001,269.04915856481495,14.743777291666673,2644.0391819759957
1916-08-01,9.3,0.5167,1.313,10.9,4.155,268.6025573394497,14.923327029816523,2651.8716687552883
1916-09-01,9.68,0.5275,1.368,11.1,4.17,274.54027927927945,14.960743524774783,2722.8026423939436
1916-10-01,9.98,0.5383,1.422,11.3,4.1850000000000005,278.03904646017713,14.996835542035404,2769.896780441718
1916-11-01,10.21,0.5492,1.476,11.5,4.2,279.49985978260884,15.034409695652181,2796.931169311361
1916-12-01,9.8,0.56,1.53,11.6,4.215,265.96334051724153,15.197905172413801,2674.1460578618057
1917-01-01,9.57,0.5708,1.509,11.7,4.23,257.50150320512836,15.358605854700862,2601.934629858027
1917-02-01,9.03,0.5817,1.488,12.0,4.258333333333333,236.89734687500007,15.260596531250007,2406.589187730443
1917-03-01,9.31,0.5925,1.468,12.0,4.286666666666667,244.24300104166682,15.543928906250008,2494.3710607878875
1917-04-01,9.17,0.6033,1.447,12.6,4.315000000000001,229.11445138888897,15.073582172619053,2352.6967554095477
1917-05-01,8.86,0.6142,1.426,12.8,4.343333333333334,217.9101425781251,15.106141035156254,2250.5702413732915
1917-06-01,9.04,0.625,1.405,13.0,4.371666666666667,218.91663846153855,15.1352764423077,2273.9916993462566
1917-07-01,8.79,0.6358,1.384,12.8,4.4,216.18850488281257,15.637389238281258,2259.18935863994
1917-08-01,8.53,0.6467,1.363,13.0,4.428333333333334,206.56625288461544,15.660773240384625,2172.2739990886307
1917-09-01,8.12,0.6575,1.343,13.3,4.456666666666667,192.2020789473685,15.563160949248127,2034.8573897615968
1917-10-01,7.68,0.6683,1.322,13.5,4.485,179.0940444444445,15.584446601851859,1909.831147534122
1917-11-01,7.04,0.6792,1.301,13.5,4.513333333333334,164.1695407407408,15.838629555555563,1764.753609582116
1917-12-01,6.8,0.69,1.28,13.7,4.541666666666667,156.25791970802925,15.855583029197087,1693.9104113001445
1918-01-01,7.21,0.68,1.256,14.0,4.57,162.12908125000007,15.29095357142858,1771.370040052175
1918-02-01,7.43,0.67,1.232,14.1,4.564166666666667,165.89121719858164,14.959234929078022,1826.0939050458685
1918-03-01,7.28,0.66,1.208,14.0,4.558333333333334,163.70315000000008,14.841219642857151,1815.6222167709227
1918-04-01,7.21,0.65,1.183,14.2,4.5525,159.84557306338036,14.410488556338036,1786.1568778882418
1918-05-01,7.44,0.64,1.159,14.5,4.546666666666667,161.53202068965524,13.895227586206904,1817.9407716995008
1918-06-01,7.45,0.63,1.135,14.7,4.5408333333333335,159.54846513605452,13.492017857142864,1808.270785561543
1918-07-01,7.51,0.62,1.111,15.1,4.535,156.5729312913908,12.926127483443715,1786.7554253546527
1918-08-01,7.58,0.61,1.087,15.4,4.529166666666667,154.95378084415592,12.469895292207797,1780.1367541156205
1918-09-01,7.54,0.6,1.063,15.7,4.523333333333333,151.19080732484082,12.031098726114656,1748.424992366422
1918-10-01,7.86,0.59,1.038,16.0,4.5175,154.65225468750006,11.608757031250004,1799.6417382296536
1918-11-01,8.06,0.58,1.014,16.3,4.511666666666667,155.66863957055222,11.201961656441721,1822.3319245252587
1918-12-01,7.9,0.57,0.99,16.5,4.505833333333333,150.72900757575766,10.875384090909094,1775.1155907487878
1919-01-01,7.85,0.5667,0.985,16.5,4.5,149.77502651515158,10.812421340909095,1774.4920533102652
1919-02-01,7.88,0.5633,0.98,16.2,4.539166666666667,153.13162654320996,10.946579344135808,1825.0677629168947
1919-03-01,8.12,0.56,0.975,16.4,4.578333333333333,155.8711981707318,10.749737804878055,1868.3953280449516
1919-04-01,8.39,0.5567,0.97,16.7,4.6175,158.16091991017973,10.494420037425154,1906.3246092972238
1919-05-01,8.97,0.5533,0.965,16.9,4.656666666666666,167.09345192307703,10.30689040680474,2024.3415137203065
1919-06-01,9.21,0.55,0.96,16.9,4.695833333333333,171.5641797337279,10.24541789940829,2088.848122713809
1919-07-01,9.51,0.5467,0.955,17.4,4.734999999999999,172.0619978448277,9.891303283045982,2104.945027609352
1919-08-01,8.87,0.5433,0.95,17.7,4.774166666666666,157.7625967514125,9.663181377118649,1939.8625876404105
1919-09-01,9.01,0.54,0.945,17.8,4.813333333333333,159.35235323033714,9.550529494382028,1969.1965496635887
1919-10-01,9.47,0.5367,0.94,18.1,4.852499999999999,164.71194544198903,9.334836443370168,2045.0406412136454
1919-11-01,9.19,0.5333,0.935,18.5,4.891666666666667,156.3858574324325,9.075144479729733,1951.054733190017
1919-12-01,8.92,0.53,0.93,18.9,4.930833333333333,148.57876455026462,8.828110449735455,1862.8324229575933
1920-01-01,8.83,0.5283,0.9192,19.3,4.97,144.03136852331613,8.617414721502595,1814.822174082665
1920-02-01,8.1,0.5267,0.9083,19.5,4.9799999999999995,130.76878846153852,8.503200108974362,1656.6396781013352
1920-03-01,8.67,0.525,0.8975,19.7,4.99,138.55001078680212,8.389706535533,1764.0728702361503
1920-04-01,8.6,0.5233,0.8867,20.3,5.0,133.3693719211823,8.115371200738918,1706.721625144599
1920-05-01,8.06,0.5217,0.8758,20.6,5.01,123.17470024271849,7.972734629854372,1584.7631137546184
1920-06-01,7.92,0.52,0.865,20.9,5.02,119.29784210526321,7.832686602870818,1543.2814699651249
1920-07-01,7.91,0.5183,0.8542,20.8,5.029999999999999,119.7200366586539,7.84461378004808,1557.1998744571752
1920-08-01,7.6,0.5167,0.8433,20.3,5.039999999999999,117.86130541871925,8.013017961822666,1541.7087874326262
1920-09-01,7.87,0.515,0.8325,20.0,5.05,123.87921062500007,8.106454062500003,1629.26373113295
1920-10-01,7.88,0.5133,0.8217,19.9,5.0600000000000005,124.6599170854272,8.120296375628145,1648.4314785396941
1920-11-01,7.48,0.5117,0.8108,19.8,5.069999999999999,118.92963888888895,8.135868478535357,1581.6228950010388
1920-12-01,6.81,0.51,0.8,19.4,5.079999999999999,110.50936275773202,8.276031572164952,1478.8150089744022
1921-01-01,7.11,0.5058,0.7575,19.0,5.09,117.80661907894742,8.38067340789474,1585.8112007795319
1921-02-01,7.06,0.5017,0.715,18.4,5.024166666666666,120.79266711956528,8.58380752038044,1635.6357917125222
1921-03-01,6.88,0.4975,0.6725,18.3,4.958333333333333,118.35620765027326,8.558461236338802,1612.3014570471905
1921-04-01,6.91,0.4933,0.63,18.1,4.8925,120.18580179558015,8.579979164364644,1646.965038536309
1921-05-01,7.12,0.4892,0.5875,17.7,4.826666666666666,126.6369435028249,8.700954039548026,1745.3043204313976
1921-06-01,6.55,0.485,0.545,17.6,4.760833333333333,117.16079900568187,8.675265269886367,1624.668056271089
1921-07-01,6.53,0.4808,0.5025,17.7,4.695,116.14315183615827,8.551550903954807,1620.4383746058104
1921-08-01,6.45,0.4767,0.46,17.7,4.629166666666666,114.72026483050854,8.47862794491526,1610.4440169431384
1921-09-01,6.61,0.4725,0.4175,17.5,4.5633333333333335,118.90965071428576,8.499971250000003,1679.198205779443
1921-10-01,6.7,0.4683,0.375,17.5,4.4975,120.52869285714291,8.424415950000004,1711.9755958703195
1921-11-01,7.06,0.4642,0.3325,17.4,4.431666666666667,127.73477442528741,8.398651882183913,1824.2710672144935
1921-12-01,7.31,0.46,0.29,17.3,4.365833333333333,133.02245736994223,8.370770231213877,1909.7506339150166
1922-01-01,7.3,0.4642,0.3233,16.9,4.3,135.98463757396456,8.647132707100598,1962.6227673793203
1922-02-01,7.46,0.4683,0.3567,16.9,4.305,138.96512278106516,8.72350764053255,2016.1311230337958
1922-03-01,7.74,0.4725,0.39,16.7,4.3100000000000005,145.90769011976053,8.90715550149701,2127.6240302270185
1922-04-01,8.21,0.4767,0.4233,16.7,4.3149999999999995,154.76771781437137,8.986330217065873,2267.740717411447
1922-05-01,8.53,0.4808,0.4567,16.7,4.32,160.80007709580843,9.063619820359287,2367.197214486064
1922-06-01,8.45,0.485,0.49,16.7,4.325,159.29198727544917,9.142794535928148,2356.212272351628
1922-07-01,8.51,0.4892,0.5233,16.8,4.33,159.46815550595244,9.167076577380955,2370.1178971460567
1922-08-01,8.83,0.4933,0.5567,16.6,4.335,167.45815737951813,9.355278486445787,2500.4574360168876
1922-09-01,9.06,0.4975,0.59,16.6,4.34,171.8200346385543,9.434930158132534,2577.32833161735
1922-10-01,9.26,0.5017,0.6233,16.7,4.345,174.5613967065869,9.45760828592815,2630.2713443051275
1922-11-01,8.8,0.5058,0.6567,16.8,4.35,164.90244047619055,9.47814254464286,2496.632584526989
1922-12-01,8.78,0.51,0.69,16.9,4.3549999999999995,163.55412573964506,9.50029659763314,2488.2052744312887
1923-01-01,8.9,0.5117,0.7142,16.8,4.36,166.7763318452382,9.588702135416671,2549.3821587461916
1923-02-01,9.28,0.5133,0.7383,16.8,4.335,173.8971190476191,9.618684397321433,2670.4849724724745
1923-03-01,9.43,0.515,0.7625,16.8,4.31,176.70795610119055,9.650540550595242,2726.0001728251486
1923-04-01,9.1,0.5167,0.7867,16.9,4.285,169.51509615384623,9.62510441568048,2627.4124531837015
1923-05-01,8.67,0.5183,0.8108,16.9,4.26,161.5050421597634,9.654909267751485,2515.730581535874
1923-06-01,8.34,0.52,0.835,17.0,4.234999999999999,154.44392205882357,9.629597058823535,2418.240829823597
1923-07-01,8.06,0.5217,0.8592,17.2,4.21,147.52318750000006,9.548740312500005,2322.3371524436116
1923-08-01,8.1,0.5233,0.8833,17.1,4.185,149.122302631579,9.63403715643275,2360.1491157265655
1923-09-01,8.15,0.525,0.9075,17.2,4.16,149.17046875000008,9.609140625000006,2373.5850421363466
1923-10-01,8.03,0.5267,0.9317,17.3,4.135,146.12453251445092,9.584531914739888,2337.8274269262306
1923-11-01,8.27,0.5283,0.9558,17.3,4.109999999999999,150.49189089595382,9.61364763728324,2420.5175184496084
1923-12-01,8.55,0.53,0.98,17.3,4.085,155.58714234104053,9.644583092485552,2515.396731939824
1924-01-01,8.83,0.5317,0.9758,17.3,4.06,160.68239378612722,9.675518547687865,2610.807740338363
1924-02-01,8.87,0.5333,0.9717,17.2,4.043333333333333,162.34871875000007,9.761056562500006,2651.0992794214826
1924-03-01,8.7,0.535,0.9675,17.1,4.026666666666666,160.16839912280705,9.8494360380117,2628.8985638565305
1924-04-01,8.5,0.5367,0.9633,17.0,4.01,157.40687500000007,9.938855272058827,2597.166878336294
1924-05-01,8.47,0.5383,0.9592,17.0,3.993333333333333,156.85132132352948,9.968484801470593,2601.7068278893075
1924-06-01,8.63,0.54,0.955,17.0,3.9766666666666666,159.81427426470597,9.999966176470593,2664.6761194734063
1924-07-01,9.03,0.5417,0.9508,17.1,3.96,166.2437521929825,9.97278411549708,2785.7353700208077
1924-08-01,9.34,0.5433,0.9467,17.0,3.943333333333333,172.96237794117656,10.061077080882356,2912.3683289382575
1924-09-01,9.25,0.545,0.9425,17.1,3.9266666666666667,170.29398757309949,10.033537646198836,2881.5164029004472
1924-10-01,9.13,0.5467,0.9383,17.2,3.91,167.1075312500001,10.006318437500004,2841.7085073533326
1924-11-01,9.64,0.5483,0.9342,17.2,3.8933333333333335,176.4421250000001,10.035603437500004,3014.6672955934223
1924-12-01,10.16,0.55,0.93,17.3,3.876666666666667,184.88483815028908,10.008529624277461,3173.168769083346
1925-01-01,10.58,0.5542,0.9567,17.3,3.86,192.52771531791916,10.084958395953763,3318.76703620938
1925-02-01,10.67,0.5583,0.9833,17.2,3.845,195.29434375000008,10.218634687500005,3381.136762484874
1925-03-01,10.39,0.5625,1.01,17.3,3.83,189.07022326589603,10.235996206647403,3288.1463888537373
1925-04-01,10.28,0.5667,1.037,17.2,3.815,188.1561250000001,10.372380937500004,3287.281472110368
1925-05-01,10.61,0.5708,1.063,17.3,3.8,193.073635115607,10.387034017341044,3388.3181259259095
1925-06-01,10.8,0.575,1.09,17.5,3.785,194.28505714285726,10.343880357142861,3424.705174064725
1925-07-01,11.1,0.5792,1.117,17.7,3.77,197.4255720338984,10.30170192090396,3495.1962458975
1925-08-01,11.25,0.5833,1.143,17.7,3.7550000000000003,200.09348516949163,10.374624879943507,3557.7345432912507
1925-09-01,11.51,0.5875,1.17,17.7,3.74,204.71786793785319,10.449326447740118,3655.4404752857117
1925-10-01,11.89,0.5917,1.197,17.7,3.725,211.4765812146894,10.524028015536729,3791.7837470532286
1925-11-01,12.26,0.5958,1.223,18.0,3.71,214.42314305555567,10.420335125000005,3860.185474226118
1925-12-01,12.46,0.6,1.25,17.9,3.6950000000000003,219.13850977653644,10.552416201117325,3960.905543240211
1926-01-01,12.65,0.6075,1.249,17.9,3.68,222.4801082402236,10.68432140363129,4037.397750009246
1926-02-01,12.67,0.615,1.248,17.9,3.651666666666667,222.8318554469275,10.816226606145257,4060.138033779061
1926-03-01,11.81,0.6225,1.248,17.8,3.6233333333333335,208.873617275281,11.009638167134836,3822.526946453405
1926-04-01,11.48,0.63,1.247,17.9,3.595,201.90289664804482,11.08003701117319,3711.855769315538
1926-05-01,11.56,0.6375,1.246,17.8,3.566666666666667,204.4520758426967,11.274930653089891,3775.9943333568963
1926-06-01,12.11,0.645,1.245,17.7,3.5383333333333336,215.38952048022608,11.472026483050852,3995.6525965641563
1926-07-01,12.62,0.6525,1.244,17.5,3.51,227.0256871428572,11.73805553571429,4229.658931229574
1926-08-01,13.12,0.66,1.243,17.4,3.4816666666666665,237.37680459770127,11.94121120689656,4441.047494997991
1926-09-01,13.32,0.6675,1.242,17.5,3.453333333333333,239.61823714285725,12.007895892857148,4501.703286868098
1926-10-01,13.02,0.675,1.242,17.6,3.425,232.89062642045465,12.07382279829546,4394.214348237046
1926-11-01,13.19,0.6825,1.241,17.7,3.3966666666666665,234.59849505649728,12.139004766949158,4445.525372611133
1926-12-01,13.49,0.69,1.24,17.7,3.3683333333333327,239.93432132768373,12.272400423728818,4566.016299124286
1927-01-01,13.4,0.6967,1.229,17.5,3.34,241.05738571428583,12.533185121428577,4607.26435484828
1927-02-01,13.66,0.7033,1.218,17.4,3.339166666666666,247.14688649425304,12.724627033045984,4743.918191435482
1927-03-01,13.87,0.71,1.208,17.3,3.3383333333333334,252.39691979768793,12.920101878612721,4865.3576632450295
1927-04-01,14.21,0.7167,1.197,17.3,3.3375,258.58401083815045,13.042023966763011,5005.574324524096
1927-05-01,14.7,0.7233,1.186,17.4,3.336666666666667,265.96334051724153,13.086481918103456,5169.530954558582
1927-06-01,14.89,0.73,1.175,17.6,3.3358333333333334,266.33958735795466,13.057615767045458,5197.99414582624
1927-07-01,15.22,0.7367,1.164,17.3,3.335,276.96331069364174,13.405970498554918,5427.134189652975
1927-08-01,16.03,0.7433,1.153,17.2,3.3341666666666665,293.39909375000013,13.604712812500006,5771.411138913284
1927-09-01,16.94,0.75,1.143,17.3,3.3333333333333335,308.2627124277458,13.647994942196537,6086.163543418294
1927-10-01,16.68,0.7567,1.132,17.4,3.3325,301.78697413793117,13.690779576149433,5980.835498996812
1927-11-01,17.06,0.7633,1.121,17.3,3.3316666666666666,310.4463916184972,13.890019385838155,6175.387892744649
1927-12-01,17.46,0.77,1.11,17.3,3.3308333333333335,317.7253222543354,14.011941473988445,6343.407190139081
1928-01-01,17.53,0.7767,1.133,17.3,3.33,318.9991351156071,14.133863562138734,6392.354242469635
1928-02-01,17.32,0.7833,1.155,17.1,3.3525,318.8639853801171,14.420678969298251,6413.727076949447
1928-03-01,18.25,0.79,1.177,17.1,3.375,335.98543494152057,14.544027046783631,6782.491696702843
1928-04-01,19.4,0.7967,1.2,17.1,3.3975,357.15711988304105,14.667375124269011,7234.55560788669
1928-05-01,20.0,0.8033,1.222,17.2,3.42,366.0625000000002,14.702900312500008,7439.7609439822145
1928-06-01,19.02,0.81,1.245,17.1,3.4425,350.16125877192997,14.912230263157902,7141.844200918365
1928-07-01,19.16,0.8167,1.268,17.1,3.465,352.7386812865498,15.035578340643278,7219.968291421486
1928-08-01,19.78,0.8233,1.29,17.1,3.4875,364.1529809941522,15.157085402046787,7479.453173043369
1928-09-01,21.17,0.83,1.312,17.3,3.51,385.2374039017343,15.103781069364167,7938.364576977762
1928-10-01,21.6,0.8367,1.335,17.2,3.5324999999999998,395.3475000000002,15.314224687500008,8172.99510018097
1928-11-01,23.06,0.8433,1.357,17.2,3.555,422.0700625000002,15.43502531250001,8752.019640779556
1928-12-01,23.15,0.85,1.38,17.1,3.5775,426.1952229532165,15.648636695906436,8864.59948831158
1929-01-01,24.86,0.86,1.399,17.1,3.6,457.6765979532165,15.832738304093573,9546.835402854782
1929-02-01,24.99,0.87,1.418,17.1,3.5741666666666667,460.0699188596493,16.01683991228071,9624.600252777474
1929-03-01,25.43,0.88,1.438,17.0,3.5483333333333333,470.9243330882355,16.2962411764706,9880.082721177945
1929-04-01,25.28,0.89,1.457,16.9,3.5225,470.9166627218938,16.578948964497048,9908.907589192251
1929-05-01,25.66,0.9,1.476,17.0,3.4966666666666666,475.1835779411767,16.666610294117653,10027.91546922207
1929-06-01,26.15,0.91,1.495,17.1,3.470833333333333,481.4257054093569,16.753246345029247,10189.10693641489
1929-07-01,28.48,0.92,1.514,17.3,3.4450000000000003,518.2598612716765,16.741540462427754,10998.208446342649
1929-08-01,30.1,0.93,1.533,17.3,3.4191666666666665,547.7395303468211,16.923513728323705,11653.737197665214
1929-09-01,31.3,0.94,1.552,17.3,3.3933333333333335,569.5763222543355,17.10548699421966,12148.666125162956
1929-10-01,27.99,0.95,1.572,17.3,3.3674999999999997,509.3431712427747,17.287460260115612,10894.662435938864
1929-11-01,20.58,0.96,1.591,17.3,3.341666666666667,374.500981213873,17.469433526011567,8041.5764889780985
1929-12-01,21.4,0.97,1.61,17.2,3.315833333333333,391.68687500000016,17.754031250000008,8442.37440486907
1930-01-01,21.71,0.9708,1.557,17.1,3.29,399.68459137426913,17.872584122807023,8646.858245635503
1930-02-01,23.07,0.9717,1.503,17.0,3.2941666666666665,427.22077720588254,17.99438358088236,9275.022906637221
1930-03-01,23.94,0.9725,1.45,16.9,3.2983333333333333,445.9550991124263,18.115761649408295,9714.522302571666
1930-04-01,25.46,0.9733,1.397,17.0,3.3024999999999998,471.4798867647061,18.024013110294128,10303.263955152488
1930-05-01,23.94,0.9742,1.343,16.9,3.3066666666666666,445.9550991124263,18.147429304733738,9778.518039141412
1930-06-01,21.52,0.975,1.29,16.8,3.310833333333333,403.2614226190478,18.270440848214292,8875.75286480526
1930-07-01,21.06,0.9758,1.237,16.6,3.3150000000000004,399.3962394578314,18.50573838855422,8824.622970771617
1930-08-01,20.79,0.9767,1.183,16.5,3.319166666666667,396.66532500000017,18.635066037878797,8798.595340120264
1930-09-01,20.78,0.9775,1.13,16.6,3.3233333333333333,394.08612801204833,18.53797835090362,8775.651658050281
1930-10-01,17.92,0.9783,1.077,16.5,3.3275,341.9068121212123,18.66559343181819,7648.341561078973
1930-11-01,16.62,0.9792,1.023,16.4,3.3316666666666666,319.036861280488,18.79668439024391,7171.788005541307
1930-12-01,15.51,0.98,0.97,16.1,3.3358333333333325,303.27709704968953,19.16257608695653,6853.4135292244255
1931-01-01,15.98,0.9667,0.94,15.9,3.34,316.3977185534593,19.140280007861644,7185.955618302224
1931-02-01,17.2,0.9533,0.91,15.7,3.3683333333333327,344.89149681528676,19.11541069267517,7869.278814755589
1931-03-01,17.53,0.94,0.88,15.6,3.3966666666666665,353.7618613782053,18.969546474358985,8107.739587326807
1931-04-01,15.86,0.9267,0.85,15.5,3.425,322.1255532258066,18.821800137096783,7418.626033514151
1931-05-01,14.33,0.9133,0.82,15.3,3.453333333333333,294.85496977124194,18.792117508169945,6826.643753805863
1931-06-01,13.87,0.9,0.79,15.1,3.4816666666666665,289.169980960265,18.763733443708617,6731.224131962252
1931-07-01,14.33,0.8867,0.76,15.1,3.51,298.76033360927164,18.486447160596036,6990.326112533285
1931-08-01,13.9,0.8733,0.73,15.1,3.5383333333333336,289.795438741722,18.20707601821193,6816.0679656002985
1931-09-01,11.83,0.86,0.7,15.0,3.566666666666667,248.28311083333344,18.049321666666675,5875.063743161559
1931-10-01,10.25,0.8467,0.67,14.9,3.595,216.5665058724833,17.88944980704699,5159.837468727886
1931-11-01,10.39,0.8333,0.64,14.7,3.6233333333333335,222.51121513605455,17.845870603741506,5336.906476211984
1931-12-01,8.44,0.82,0.61,14.6,3.651666666666667,181.98822260273982,17.68132020547946,4400.307429733697
1932-01-01,8.3,0.7933,0.5933,14.3,3.68,182.72406468531477,17.46445789335665,4453.28895365066
1932-02-01,8.23,0.7667,0.5767,14.1,3.649166666666667,183.75299024822704,17.118276746453912,4513.132315045455
1932-03-01,8.26,0.74,0.56,14.0,3.6183333333333336,185.7401125000001,16.640155357142866,4595.9958058671755
1932-04-01,6.28,0.7133,0.5433,13.9,3.5875000000000004,142.2323992805756,16.155154523381302,3552.7432400365333
1932-05-01,5.51,0.6867,0.5267,13.7,3.5566666666666666,126.61487317518255,15.779751979927015,3195.4879548645013
1932-06-01,4.77,0.66,0.51,13.6,3.525833333333334,110.41629319852944,15.277726102941186,2818.8019448119812
1932-07-01,5.01,0.6333,0.4933,13.6,3.495,115.97182996323535,14.659672637867654,2991.8155170116315
1932-08-01,7.53,0.6067,0.4767,13.5,3.464166666666667,175.59611388888896,14.147963120370378,4560.4050546342505
1932-09-01,8.26,0.58,0.46,13.4,3.4333333333333336,194.05683395522396,13.626266791044781,5069.3388826823475
1932-10-01,7.12,0.5533,0.4433,13.3,3.4025,168.5318721804512,13.096725404135343,4431.06176697665
1932-11-01,7.05,0.5267,0.4267,13.2,3.3716666666666666,168.13916193181828,12.561545615530308,4448.259060107087
1932-12-01,6.82,0.5,0.41,13.1,3.3408333333333338,163.8954026717558,12.01579198473283,4362.477571437813
1933-01-01,7.09,0.495,0.4125,12.9,3.31,173.02554166666673,12.080062500000004,4632.293620851102
1933-02-01,6.25,0.49,0.415,12.7,3.2941666666666674,154.92802657480323,12.146357283464575,4174.880155546833
1933-03-01,6.23,0.485,0.4175,12.6,3.2783333333333333,155.6579097222223,12.11783085317461,4221.760304510416
1933-04-01,6.89,0.48,0.42,12.6,3.2624999999999997,172.14815376984134,11.992904761904768,4696.115394904844
1933-05-01,8.87,0.475,0.4225,12.6,3.2466666666666666,221.61888591269852,11.867978670634924,6072.631560791623
1933-06-01,10.39,0.47,0.425,12.7,3.2308333333333334,257.5523513779529,11.650587598425203,7083.856330945905
1933-07-01,11.23,0.465,0.4275,13.1,3.215,269.87468797709937,11.174686545801531,7448.389280449513
1933-08-01,10.67,0.46,0.43,13.2,3.1991666666666667,254.4744479166668,10.970782196969704,7048.583618489372
1933-09-01,10.58,0.455,0.4325,13.2,3.1833333333333336,252.32799053030317,10.851534564393946,7014.177458214804
1933-10-01,9.55,0.45,0.435,13.2,3.1675000000000004,227.76297821969712,10.732286931818187,6356.18396792386
1933-11-01,9.78,0.445,0.4375,13.2,3.151666666666667,233.24836931818194,10.613039299242429,6533.946355508467
1933-12-01,9.97,0.44,0.44,13.2,3.1358333333333333,237.77977935606074,10.493791666666672,6685.3806950362705
1934-01-01,10.54,0.4408,0.4442,13.2,3.12,251.37400946969706,10.512871287878793,7092.22556100434
1934-02-01,11.32,0.4417,0.4483,13.3,3.0925,267.94674060150385,10.455130328947371,7584.387523796478
1934-03-01,10.74,0.4425,0.4525,13.3,3.065,254.21802067669185,10.474066494360907,7220.494372395246
1934-04-01,10.92,0.4433,0.4567,13.3,3.0375000000000005,258.47865789473695,10.493002659774442,7366.344100822128
1934-05-01,9.81,0.4442,0.4608,13.3,3.0100000000000002,232.20472838345873,10.514305845864666,6642.537832710364
1934-06-01,9.94,0.445,0.465,13.4,2.9825,233.52602052238814,10.454635727611944,6705.257668641123
1934-07-01,9.47,0.4458,0.4692,13.4,2.955,222.48404570895534,10.473430578358212,6413.268656380429
1934-08-01,9.1,0.4467,0.4733,13.4,2.9275,213.79142723880605,10.494574785447766,6187.9069375708195
1934-09-01,8.88,0.4475,0.4775,13.6,2.9000000000000004,205.55486029411776,10.358761259191182,5974.495563817246
1934-10-01,8.95,0.4483,0.4817,13.5,2.8724999999999996,208.70985648148158,10.454148453703707,6091.517199732474
1934-11-01,9.2,0.4492,0.4858,13.5,2.8449999999999998,214.53974074074083,10.475136037037041,6287.149053785707
1934-12-01,9.26,0.45,0.49,13.4,2.8175,217.55039738805976,10.572103544776123,6401.1954284736385
1935-01-01,9.26,0.45,0.57,13.6,2.79,214.3511268382354,10.416631433823534,6332.601752076698
1935-02-01,8.98,0.45,0.65,13.7,2.7783333333333333,206.3523704379563,10.340597627737232,6121.751301975234
1935-03-01,8.41,0.45,0.73,13.7,2.7666666666666666,193.25428010948914,10.340597627737232,5758.740993701091
1935-04-01,9.04,0.446667,0.756667,13.8,2.755,206.2258188405798,10.189631396467396,6170.580181944768
1935-05-01,9.75,0.443333,0.783333,13.8,2.743333333333333,222.422758152174,10.113574219474643,6680.434210097161
1935-06-01,10.12,0.44,0.81,13.7,2.731666666666667,232.5485510948906,10.110806569343072,7009.867263751737
1935-07-01,10.65,0.44,0.793333,13.7,2.72,244.72747718978115,10.110806569343072,7402.382887874858
1935-08-01,11.37,0.44,0.776667,13.7,2.708333333333333,261.2724333941607,10.110806569343072,7928.3111869507875
1935-09-01,11.61,0.44,0.76,13.7,2.6966666666666668,266.78741879562057,10.110806569343072,8121.2311014969355
1935-10-01,11.92,0.45,0.76,13.7,2.685,273.9109416058395,10.340597627737232,8364.30843205423
1935-11-01,13.04,0.46,0.76,13.8,2.6733333333333333,297.4761811594204,10.493791666666672,9110.614414623198
1935-12-01,13.04,0.47,0.76,13.8,2.6616666666666666,297.4761811594204,10.721917572463774,9137.978862315382
1936-01-01,13.76,0.48,0.77,13.8,2.65,313.9012463768117,10.950043478260874,9670.560452450327
1936-02-01,14.55,0.49,0.78,13.8,2.6525,331.9231929347827,11.178169384057977,10254.472078606637
1936-03-01,14.86,0.5,0.79,13.7,2.6550000000000002,341.46951277372284,11.489552919708036,10578.97710718592
1936-04-01,14.88,0.516667,0.82,13.7,2.6574999999999998,341.9290948905111,11.872545676733582,10623.86698420904
1936-05-01,14.09,0.533333,0.85,13.7,2.66,323.7756012773724,12.25551545465329,10091.562995857716
1936-06-01,14.69,0.55,0.88,13.8,2.6625,335.1169556159421,12.546924818840585,10477.643658279425
1936-07-01,15.56,0.57,0.9,13.9,2.665,352.410212230216,12.909628597122307,11051.963910618133
1936-08-01,15.87,0.59,0.92,14.0,2.6675000000000004,356.8638723214287,13.267150892857147,11226.308167787829
1936-09-01,16.05,0.61,0.94,14.0,2.67,360.91147767857166,13.716884821428577,11389.597779344083
1936-10-01,16.89,0.646667,0.966667,14.0,2.6725000000000003,379.80030267857165,14.541404519375007,12023.93019182053
1936-11-01,17.36,0.683333,0.993333,14.0,2.675,390.3690500000002,15.365901730625007,12399.060024915234
1936-12-01,17.06,0.72,1.02,14.0,2.6774999999999998,383.6230410714287,16.190421428571437,12227.644448533916
1937-01-01,17.59,0.73,1.05,14.1,2.68,392.7357349290782,16.298867907801426,12561.396153270603
1937-02-01,18.11,0.74,1.08,14.1,2.67,404.3458874113477,16.522140070921996,12976.776791653343
1937-03-01,18.09,0.75,1.11,14.2,2.66,401.0549815140847,16.627486795774658,12915.630085385366
1937-04-01,17.01,0.78,1.13,14.3,2.6500000000000004,374.474257867133,17.1716590909091,12105.703992287834
1937-05-01,16.25,0.81,1.15,14.4,2.64,355.25857204861126,17.708273437500008,11532.219592994486
1937-06-01,15.64,0.84,1.17,14.4,2.63,341.9227118055557,18.364135416666674,11148.995064981133
1937-07-01,16.57,0.816667,1.18667,14.5,2.62,359.7561267241381,17.7308966049138,11778.664053656837
1937-08-01,16.74,0.793333,1.20333,14.5,2.6100000000000003,363.44704655172427,17.224285291637937,11946.501900966932
1937-09-01,14.37,0.77,1.22,14.6,2.6,309.85435530821934,16.603190924657543,10230.389408814914
1937-10-01,12.28,0.78,1.19,14.6,2.59,264.7885513698631,16.818816780821926,8788.737456633271
1937-11-01,11.2,0.79,1.16,14.5,2.58,243.1664827586208,17.151921551724147,8118.50943723505
1937-12-01,11.02,0.8,1.13,14.4,2.57,240.919967013889,17.489652777777785,8092.165894294287
1938-01-01,11.31,0.793333,1.07667,14.2,2.56,250.74250088028182,17.588178642869725,8471.321316574515
1938-02-01,11.04,0.786667,1.02333,14.1,2.5433333333333334,246.49246808510648,17.564084274556745,8377.184330605727
1938-03-01,10.31,0.78,0.97,14.1,2.5266666666666664,230.1936001773051,17.41522872340426,7872.580383155292
1938-04-01,9.89,0.766667,0.903333,14.2,2.51,219.2611258802818,16.996993892341557,7547.132879076393
1938-05-01,9.98,0.753333,0.836667,14.1,2.493333333333333,222.82561879432635,16.819828846010648,7718.071336408307
1938-06-01,10.21,0.74,0.77,14.1,2.4766666666666666,227.96087854609942,16.522140070921996,7943.632873460988
1938-07-01,12.24,0.713333,0.72,14.1,2.46,273.2851276595746,15.926740193528378,9569.27237938683
1938-08-01,12.31,0.686667,0.67,14.1,2.4433333333333334,274.8480328014186,15.331362643351072,9668.735154139154
1938-09-01,11.75,0.66,0.62,14.1,2.4266666666666667,262.3447916666668,14.735962765957455,9272.089235955542
1938-10-01,13.06,0.61,0.626667,14.0,2.4099999999999997,293.676255357143,13.716884821428577,10419.841424949182
1938-11-01,13.07,0.56,0.633333,14.0,2.393333333333333,293.9011223214287,12.592550000000006,10465.052579677138
1938-12-01,12.69,0.51,0.64,14.0,2.3766666666666665,285.35617767857156,11.468215178571432,10194.818819490372
1939-01-01,12.5,0.513333,0.663333,14.0,2.36,281.083705357143,11.543163337767863,10076.544259604818
1939-02-01,12.4,0.516667,0.686667,13.9,2.3474999999999997,280.84104316546774,11.701717681384896,10102.802902690855
1939-03-01,12.39,0.52,0.71,13.9,2.335,280.6145584532376,11.777205035971228,10129.960975009919
1939-04-01,10.83,0.523333,0.726667,13.8,2.3225,247.060355978261,11.938581465851456,8954.595556545528
1939-05-01,11.23,0.526667,0.743333,13.8,2.31,256.18539221014504,12.014638642844208,9321.617322084137
1939-06-01,11.43,0.53,0.76,13.8,2.2975000000000003,260.7479103260871,12.090673007246382,9524.291251690152
1939-07-01,11.71,0.54,0.776667,13.8,2.285,267.13543568840595,12.318798913043484,9795.104432512488
1939-08-01,11.54,0.55,0.793333,13.8,2.2725,263.25729528985516,12.546924818840585,9691.242308939729
1939-09-01,12.77,0.56,0.81,14.1,2.26,285.1185523049647,12.50324113475178,10534.373361740047
1939-10-01,12.9,0.58,0.84,14.0,2.2475,290.07838392857155,13.042283928571434,10757.78244889206
1939-11-01,12.67,0.6,0.87,14.0,2.2350000000000003,284.90644375000016,13.492017857142864,10607.67385658194
1939-12-01,12.37,0.62,0.9,14.0,2.2225,278.1604348214287,13.941751785714292,10399.762332689448
1940-01-01,12.3,0.623333,0.93,13.9,2.21,278.5761960431656,14.117539512859718,10459.291788086359
1940-02-01,12.22,0.626667,0.96,14.0,2.1883333333333335,274.787430357143,14.091670590803577,10361.130501009526
1940-03-01,12.15,0.63,0.99,14.0,2.166666666666667,273.213361607143,14.166618750000007,10346.29254816438
1940-04-01,12.27,0.636667,1.00667,14.0,2.145,275.91176517857156,14.316537555089292,10493.657461107581
1940-05-01,10.58,0.643333,1.02333,14.0,2.1233333333333335,237.9092482142858,14.46643387348215,9094.170520223071
1940-06-01,9.67,0.65,1.04,14.1,2.1016666666666666,215.90418173758874,14.512690602836887,8299.24799683802
1940-07-01,9.99,0.656667,1.05333,14.0,2.08,224.64209732142868,14.76627148366072,8682.429740513411
1940-08-01,10.2,0.663333,1.06667,14.0,2.0583333333333336,229.36430357142868,14.916167802053577,8912.985839221768
1940-09-01,10.63,0.67,1.08,14.0,2.0366666666666666,239.0335830357144,15.066086607142864,9337.517762772937
1940-10-01,10.73,0.67,1.07,14.0,2.015,241.28225267857152,15.066086607142864,9474.403606426005
1940-11-01,10.98,0.67,1.06,14.0,1.9933333333333334,246.90392678571442,15.066086607142864,9744.449127050295
1940-12-01,10.53,0.67,1.05,14.1,1.9716666666666665,235.10558776595755,14.959234929078022,9328.008380016527
1941-01-01,10.55,0.673333,1.05333,14.1,1.95,235.55213209219872,15.033651541046106,9395.431440144303
1941-02-01,9.89,0.676667,1.05667,14.1,1.9925,220.81616932624124,15.108090480230503,8857.878212659034
1941-03-01,9.95,0.68,1.06,14.2,2.035,220.59132482394375,15.075588028169022,8899.254251249047
1941-04-01,9.64,0.683333,1.07,14.3,2.0775,212.2240944055945,15.043540155856649,8612.272188234045
1941-05-01,9.43,0.686667,1.08,14.4,2.12,206.15928211805564,15.011959254947925,8416.922593072586
1941-06-01,9.76,0.69,1.09,14.7,2.1625,209.01919727891166,14.776971938775516,8583.960444866634
1941-07-01,10.26,0.693333,1.12333,14.7,2.205,219.72714795918378,14.848351138010212,9074.528287389863
1941-08-01,10.21,0.696667,1.15667,14.9,2.2474999999999996,215.7213682885907,14.71948662894296,8959.751720093092
1941-09-01,10.24,0.7,1.19,15.1,2.29,213.4895894039736,14.594014900662259,8917.569426037568
1941-10-01,9.83,0.703333,1.18,15.3,2.3325,202.2626903594772,14.471823479003273,8498.9907292108
1941-11-01,9.37,0.706667,1.17,15.4,2.3750000000000004,191.54576866883124,14.446005731899358,8099.254892850402
1941-12-01,8.76,0.71,1.16,15.5,2.4175,177.92054516129042,14.420500806451619,7573.943286041884
1942-01-01,8.93,0.703333,1.12,15.7,2.46,179.06285270700644,14.103114600557332,7672.600367656541
1942-02-01,8.65,0.696667,1.08,15.8,2.4608333333333334,172.35056566455702,13.881034858939879,7434.553265078839
1942-03-01,8.18,0.69,1.04,16.0,2.461666666666667,160.94852968750007,13.576342968750005,6991.515128852411
1942-04-01,7.84,0.68,1.02,16.1,2.4625,153.30060869565224,13.296481366459634,6707.426319914293
1942-05-01,7.93,0.67,1.0,16.3,2.4633333333333334,153.15785506134975,12.940197085889576,6748.361852477675
1942-06-01,8.33,0.66,0.98,16.3,2.4641666666666664,160.88334585889578,12.747059815950927,7135.562942373936
1942-07-01,8.64,0.646667,0.966667,16.4,2.465,165.8530975609757,12.413394101905494,7401.863692324093
1942-08-01,8.59,0.633333,0.953333,16.5,2.4658333333333338,163.89394621212128,12.08375374113637,7359.369180613389
1942-09-01,8.68,0.62,0.94,16.5,2.466666666666667,165.6111121212122,11.829365151515157,7480.7402284116315
1942-10-01,9.32,0.61,0.97,16.7,2.4675000000000002,175.6924640718564,11.499184880239525,7979.405496783307
1942-11-01,9.47,0.6,1.0,16.8,2.4683333333333337,177.4575126488096,11.243348214285719,8102.121675739559
1942-12-01,9.52,0.59,1.03,16.9,2.4691666666666667,177.3388698224853,10.990539201183436,8138.520802754528
1943-01-01,10.09,0.59,1.04333,16.9,2.47,187.95684837278114,10.990539201183436,8667.83811336785
1943-02-01,10.69,0.59,1.05667,16.9,2.470833333333333,199.13366789940838,10.990539201183436,9225.506257595927
1943-03-01,11.07,0.59,1.07,17.2,2.4716666666666667,202.6155937500001,10.798843750000005,9428.508571897737
1943-04-01,11.44,0.59,1.08,17.4,2.4725,206.98099425287367,10.674719109195406,9673.042758676806
1943-05-01,11.89,0.59,1.09,17.5,2.4733333333333336,213.89345642857154,10.613720714285718,10037.424636621667
1943-06-01,12.1,0.59,1.1,17.5,2.474166666666667,217.67122142857153,10.613720714285718,10256.2106656369
1943-07-01,12.35,0.593333,1.09333,17.4,2.475,223.44539152298861,10.735022225790235,10570.428404570628
1943-08-01,11.74,0.596667,1.08667,17.3,2.475833333333333,213.6366141618498,10.857744264234107,10149.212609998038
1943-09-01,11.99,0.6,1.08,17.4,2.4766666666666666,216.93200359195416,10.855646551724144,10348.742842828879
1943-10-01,11.88,0.603333,1.03333,17.4,2.4775,214.94180172413806,10.915949668318971,10297.195702941877
1943-11-01,11.33,0.606667,0.986667,17.4,2.4783333333333335,204.99079238505757,10.97627087765805,9864.29360688478
1943-12-01,11.48,0.61,0.94,17.4,2.479166666666667,207.70470402298864,11.036573994252878,10039.146119333975
1944-01-01,11.85,0.613333,0.936667,17.4,2.48,214.39901939655184,11.096877110847707,10407.403584321286
1944-02-01,11.77,0.616667,0.933333,17.4,2.470833333333333,212.95159985632193,11.157198320186787,10382.275559744521
1944-03-01,12.1,0.62,0.93,17.4,2.461666666666667,218.92220545977023,11.217501436781616,10718.942382624939
1944-04-01,11.89,0.623333,0.926667,17.5,2.4525,213.89345642857154,11.213359955928576,10518.475778108224
1944-05-01,12.1,0.626667,0.923333,17.5,2.4433333333333334,217.67122142857153,11.273336472642862,10750.450411001919
1944-06-01,12.67,0.63,0.92,17.6,2.4341666666666666,226.63012571022736,11.268901278409095,11239.296551908848
1944-07-01,13.0,0.633333,0.913333,17.7,2.425,231.2191384180792,11.264516199364413,11513.433589144573
1944-08-01,12.81,0.636667,0.906667,17.7,2.4158333333333335,227.83978177966114,11.323815015324863,11392.148939398741
1944-09-01,12.6,0.64,0.9,17.7,2.4066666666666667,224.1047033898306,11.383096045197746,11252.822631787045
1944-10-01,12.91,0.64,0.91,17.7,2.3975,229.6183905367233,11.383096045197746,11577.30878704228
1944-11-01,12.82,0.64,0.92,17.7,2.3883333333333336,228.01764265536735,11.383096045197746,11544.427197406992
1944-12-01,13.1,0.64,0.93,17.8,2.3791666666666664,231.68877106741581,11.319146067415735,11778.051646554326
1945-01-01,13.49,0.643333,0.94,17.8,2.37,238.58637570224727,11.378094057794948,12176.897009186687
1945-02-01,13.94,0.646667,0.95,17.8,2.355,246.54515028089895,11.437059734339893,12631.737887045889
1945-03-01,13.93,0.65,0.96,17.8,2.3400000000000003,246.3682886235956,11.496007724719107,12671.759533866396
1945-04-01,14.28,0.65,0.973333,17.8,2.325,252.5584466292136,11.496007724719107,13039.419462911936
1945-05-01,14.82,0.65,0.986667,17.9,2.31,260.6446801675979,11.431784217877102,13506.09075566539
1945-06-01,15.09,0.65,1.0,18.1,2.295,262.46074516574595,11.305466160220998,13649.014548798154
1945-07-01,14.78,0.653333,0.996667,18.1,2.2800000000000002,257.0689074585636,11.363437112085641,13417.862668417554
1945-08-01,14.83,0.656667,0.993333,18.1,2.265,257.93855870165754,11.421425456975141,13512.93362706625
1945-09-01,15.84,0.66,0.99,18.1,2.25,275.5055138121548,11.479396408839785,14483.349966434125
1945-10-01,16.5,0.66,0.98,18.1,2.2350000000000003,286.98491022099455,11.479396408839785,15137.112291307887
1945-11-01,17.04,0.66,0.97,18.1,2.2199999999999998,296.3771436464089,11.479396408839785,15682.9657345399
1945-12-01,17.33,0.66,0.96,18.2,2.205,299.7649608516484,11.416322802197808,15912.575785608096
1946-01-01,18.02,0.666667,0.94,18.2,2.19,311.7002074175826,11.531644959958797,16597.152226587612
1946-02-01,18.07,0.673333,0.92,18.1,2.195,314.2919592541438,11.711297609323209,16787.1217789178
1946-03-01,17.53,0.68,0.9,18.3,2.2,301.5674883879783,11.697997267759568,16159.544158376426
1946-04-01,18.66,0.68,0.88,18.4,2.205,319.26220516304363,11.634421195652182,17159.671207762785
1946-05-01,18.7,0.68,0.86,18.5,2.21,318.217141891892,11.57153243243244,17155.330049379547
1946-06-01,18.58,0.68,0.84,18.7,2.215,312.7935548128344,11.447772727272733,16914.370162739375
1946-07-01,18.05,0.683333,0.856667,19.8,2.2199999999999998,286.98930239899,10.864779001452025,15567.959952320289
1946-08-01,17.7,0.686667,0.873333,20.2,2.225,275.85165222772287,10.701594716398521,15012.16574443522
1946-09-01,15.09,0.69,0.89,20.4,2.23,232.86958272058834,10.648112132352946,12721.322057160232
1946-10-01,14.75,0.696667,0.946667,20.8,2.235,223.24532752403854,10.544247633233178,12243.564573981197
1946-11-01,14.69,0.703333,1.00333,21.3,2.24,217.1180275821597,10.395253484917845,11955.031117201528
1946-12-01,15.13,0.71,1.06,21.5,2.245,221.5410250000001,10.396175000000005,12246.27495709745
1947-01-01,15.21,0.713333,1.13,21.5,2.25,222.71242500000008,10.444978452500004,12359.141756022238
1947-02-01,15.8,0.716667,1.2,21.5,2.265833333333333,231.35150000000013,10.493796547500006,12887.084516692306
1947-03-01,15.16,0.72,1.27,21.9,2.2816666666666667,217.92586529680378,10.350041095890417,12187.27433789152
1947-04-01,14.6,0.733333,1.32667,21.9,2.2975,209.87583333333342,10.541703731906399,11786.212590427787
1947-05-01,14.34,0.746667,1.38333,21.9,2.3133333333333335,206.1383184931508,10.733380742979456,11626.551589937619
1947-06-01,14.84,0.76,1.44,22.0,2.3291666666666666,212.35618409090918,10.875384090909096,12028.365625645394
1947-07-01,15.77,0.77,1.47667,22.2,2.3449999999999998,223.6312088963965,10.91921565315316,12718.5510701829
1947-08-01,15.46,0.78,1.51333,22.5,2.360833333333333,216.31202555555566,10.913543333333338,12354.01174971856
1947-09-01,15.06,0.79,1.55,23.0,2.376666666666667,206.13456847826095,10.813167934782614,11824.220319749154
1947-10-01,15.45,0.806667,1.57,23.0,2.3925,211.47271467391312,11.04129840309783,12183.204158998253
1947-11-01,15.27,0.823333,1.59,23.1,2.408333333333333,208.1041542207793,11.220629836742427,12043.006760827799
1947-12-01,15.03,0.84,1.61,23.4,2.424166666666667,202.20729326923086,11.301006410256417,11756.254060093095
1948-01-01,14.83,0.843333,1.64333,23.7,2.44,196.99105116033766,11.202228870411398,11507.258194165493
1948-02-01,14.1,0.846667,1.67667,23.5,2.4291666666666667,188.88825000000008,11.34223035196809,11089.145154006124
1948-03-01,14.3,0.85,1.71,23.4,2.418333333333333,192.38618055555568,11.435542200854705,11350.445642262326
1948-04-01,15.4,0.85,1.76,23.8,2.4075,203.70301470588245,11.243348214285717,12073.397059698245
1948-05-01,16.15,0.85,1.81,23.9,2.3966666666666665,212.72979341004194,11.196304916317995,12663.710707618384
1948-06-01,16.82,0.85,1.86,24.1,2.3858333333333333,219.71648443983412,11.10338952282158,13134.706997314974
1948-07-01,16.42,0.856667,1.93,24.4,2.375,211.85417110655752,11.052891425051236,12719.757971872727
1948-08-01,15.94,0.863333,2.0,24.5,2.3641666666666667,204.821680612245,11.093432621581638,12353.030416847356
1948-09-01,15.76,0.87,2.07,24.5,2.3533333333333335,202.50876326530621,11.179100510204087,12269.72108373499
1948-10-01,16.19,0.89,2.14333,24.4,2.3425,208.88666444672143,11.482960553278694,12714.127179607032
1948-11-01,15.29,0.91,2.21667,24.2,2.3316666666666666,198.9050511363637,11.838037706611576,12166.629449317605
1948-12-01,15.19,0.93,2.29,24.1,2.3208333333333333,198.4241021784233,12.14841441908714,12199.13529533432
1949-01-01,15.36,0.946667,2.32,24.0,2.31,201.48080000000007,12.417657844635423,12450.68132095596
1949-02-01,14.77,0.963333,2.35,23.8,2.3108333333333335,195.36970955882362,12.742456900367651,12138.660438086457
1949-03-01,14.91,0.98,2.38,23.8,2.3116666666666665,197.2215551470589,12.962919117647065,12320.836226651734
1949-04-01,14.89,0.993333,2.38667,23.9,2.3125,196.1329178870294,13.084304884048125,12320.94377106758
1949-05-01,14.78,1.00667,2.39333,23.8,2.3133333333333335,195.50198424369754,13.315695702205886,12351.015878743683
1949-06-01,13.97,1.02,2.4,23.9,2.314166666666667,184.014564330544,13.435565899581595,11696.021341127813
1949-07-01,14.76,1.02667,2.39667,23.7,2.315,196.06122151898742,13.637545684071737,12533.944391257188
1949-08-01,15.29,1.03333,2.39333,23.8,2.3158333333333334,202.24799317226896,13.66834001207984,13002.273461916522
1949-09-01,15.49,1.04,2.39,23.9,2.3166666666666664,204.0361919456068,13.699008368200845,13190.625576587234
1949-10-01,15.89,1.07333,2.36667,23.7,2.3175,211.071328586498,14.257343556434604,13722.24593434473
1949-11-01,16.11,1.10667,2.34333,23.8,2.3183333333333334,213.09451733193285,14.638442550945385,13933.0848621113
1949-12-01,16.54,1.14,2.32,23.6,2.3191666666666664,220.6364163135594,15.20710487288136,14509.06749942943
1950-01-01,16.88,1.15,2.33667,23.5,2.32,226.13004680851074,15.405779255319155,14954.752826006792
1950-02-01,17.21,1.16,2.35333,23.5,2.3408333333333333,230.55083563829797,15.539742553191497,15332.756056995904
1950-03-01,17.35,1.17,2.37,23.6,2.361666666666667,231.44146451271197,15.607291843220345,15478.483983135167
1950-04-01,17.84,1.18,2.42667,23.6,2.3825,237.97785169491536,15.740687500000005,16003.354765656468
1950-05-01,18.44,1.19,2.48333,23.7,2.4033333333333333,244.94369409282714,15.807103902953592,16560.370487173066
1950-06-01,18.74,1.2,2.54,23.8,2.4241666666666664,247.8827594537816,15.872962184873955,16848.506866436386
1950-07-01,17.38,1.24333,2.6,24.1,2.445,227.03165871369302,16.241385053423244,15523.25809123612
1950-08-01,18.43,1.28667,2.66,24.3,2.4658333333333333,238.76614866255153,16.6691937330247,16420.581693181888
1950-09-01,19.08,1.33,2.72,24.4,2.4866666666666664,246.174030737705,17.15992981557378,17028.38589567701
1950-10-01,19.87,1.37667,2.76,24.6,2.5075,254.28248831300823,17.617668504573178,17690.819631188457
1950-11-01,19.83,1.42333,2.8,24.7,2.5283333333333333,252.7431847165993,18.14104675253037,17688.902956614133
1950-12-01,19.75,1.47,2.84,25.0,2.549166666666667,248.70286250000012,18.51104850000001,17514.092350844712
1951-01-01,21.21,1.48667,2.83667,25.4,2.57,262.88187549212614,18.426147941437016,18620.736821872102
1951-02-01,22.0,1.50333,2.83333,25.7,2.5791666666666666,269.4903696498056,18.415134427529193,19197.536995681618
1951-03-01,21.63,1.52,2.83,25.8,2.5883333333333334,263.9310625000001,18.547166666666673,18911.614552794912
1951-04-01,21.92,1.53333,2.79333,25.8,2.5975,267.4696666666668,18.70982043750001,19276.88718565808
1951-05-01,21.93,1.54667,2.75667,25.9,2.6066666666666665,266.5585149613901,18.799729062258695,19324.129375325207
1951-06-01,21.55,1.56,2.72,25.9,2.6158333333333332,261.9396259652511,18.961754826254836,19103.836062792998
1951-07-01,21.93,1.54667,2.65,25.9,2.625,266.5585149613901,18.799729062258695,19554.960666697007
1951-08-01,22.89,1.53333,2.58,25.9,2.6341666666666668,278.2272871621623,18.637581748552133,20524.930854869282
1951-09-01,23.48,1.52,2.51,26.1,2.6433333333333335,283.2117567049809,18.333980842911885,21005.345751753885
1951-10-01,23.36,1.48333,2.48667,26.2,2.6525000000000003,280.6889007633589,17.82338472471375,20928.39061976439
1951-11-01,22.71,1.44667,2.46333,26.4,2.6616666666666666,270.8113735795456,17.251197261837127,20299.102831040695
1951-12-01,23.41,1.41,2.44,26.5,2.6708333333333334,278.10527877358504,16.750467452830193,20950.45910293526
1952-01-01,24.19,1.41333,2.42667,26.5,2.68,287.3714948113209,16.790027067452836,21753.91278927808
1952-02-01,23.75,1.41667,2.41333,26.3,2.6925,284.2899833650191,16.957688030893546,21627.617756403695
1952-03-01,23.81,1.42,2.4,26.3,2.705,285.0081896387834,16.99754847908746,21790.014605521956
1952-04-01,23.74,1.43,2.38,26.4,2.7175000000000002,283.0938797348486,17.052411458333342,21752.301714235735
1952-05-01,23.73,1.44,2.36,26.4,2.7300000000000004,282.9746321022729,17.1716590909091,21853.091654781903
1952-06-01,24.38,1.45,2.34,26.5,2.7425,289.6286500000001,17.225658018867932,22477.81321363665
1952-07-01,25.08,1.45,2.34667,26.7,2.755,295.7126910112361,17.096626872659183,23060.56116653049
1952-08-01,25.18,1.45,2.35333,26.7,2.7675,296.8917687265919,17.096626872659183,23263.61302422356
1952-09-01,24.78,1.45,2.36,26.7,2.7800000000000002,292.1754578651687,17.096626872659183,23005.693036034692
1952-10-01,24.26,1.43667,2.37333,26.7,2.7925,286.0442537453185,16.939455813202255,22634.07635749428
1952-11-01,25.03,1.42333,2.38667,26.7,2.805,295.1231521535582,16.78216684597379,23463.13181725369
1952-12-01,26.04,1.41,2.4,26.7,2.8175,307.03183707865185,16.62499578651686,24520.050759481157
1953-01-01,26.18,1.41,2.41,26.6,2.83,309.84300657894744,16.687495770676698,24855.612721935977
1953-02-01,25.86,1.41,2.42,26.5,2.8008333333333333,307.2107009433964,16.750467452830193,24756.42601190142
1953-03-01,25.99,1.41,2.43,26.6,2.7716666666666665,307.5943369360904,16.687495770676698,24899.403948969702
1953-04-01,24.71,1.41333,2.45667,26.6,2.83,292.44540460526326,16.726906664943616,23785.95079367607
1953-05-01,24.84,1.41667,2.48333,26.7,3.05,292.88290449438216,16.703640270131096,23934.750127197054
1953-06-01,23.95,1.42,2.51,26.8,3.11,281.33542210820906,16.68043003731344,23104.671138743095
1953-07-01,24.29,1.42,2.52333,26.8,2.93,285.32932789179114,16.68043003731344,23546.827336596565
1953-08-01,24.39,1.42,2.53667,26.9,2.95,285.4389354089221,16.61842100371748,23670.15909165706
1953-09-01,23.27,1.42,2.55,26.9,2.87,272.3314484200745,16.61842100371748,22698.05538699081
1953-10-01,23.97,1.43,2.53667,27.0,2.66,279.484651388889,16.673468981481488,23410.061810933774
1953-11-01,24.5,1.44,2.52333,26.9,2.68,286.726277881041,16.852483271375473,24134.264001315336
1953-12-01,24.83,1.45,2.51,26.9,2.59,290.5883052973979,16.969514405204468,24578.367294672873
1954-01-01,25.46,1.45667,2.52333,26.9,2.48,297.9612667286247,17.04757417146841,25322.141717531173
1954-02-01,26.02,1.46333,2.53667,26.9,2.47,304.5150102230485,17.12551690659852,26000.393360570335
1954-03-01,26.57,1.47,2.55,26.9,2.37,310.9517225836433,17.20357667286246,26672.38661710314
1954-04-01,27.63,1.46333,2.57333,26.8,2.29,324.563578824627,17.189418089085827,27962.836431364158
1954-05-01,28.73,1.45667,2.59667,26.9,2.37,336.23044749070647,17.04757417146841,29090.392452416945
1954-06-01,28.96,1.45,2.62,26.9,2.38,338.9221635687734,16.969514405204468,29445.62667977707
1954-07-01,30.13,1.45667,2.62333,26.9,2.3,352.61480622676595,17.04757417146841,30758.670992621515
1954-08-01,30.73,1.46333,2.62667,26.9,2.36,359.6366742565057,17.12551690659852,31495.67872901522
1954-09-01,31.45,1.47,2.63,26.8,2.38,369.4362849813434,17.267769123134336,32479.91390890363
1954-10-01,32.18,1.49333,2.67667,26.8,2.43,378.0114356343285,17.54182154057837,33362.339122681
1954-11-01,33.44,1.51667,2.72333,26.8,2.48,392.8123805970151,17.81599142583956,34799.666205786794
1954-12-01,34.97,1.54,2.77,26.7,2.51,412.3234770599253,18.15779681647941,36662.22651713282
1955-01-01,35.6,1.54667,2.83333,26.7,2.61,419.7516666666669,18.23644130009364,37457.83894291868
1955-02-01,36.79,1.55333,2.89667,26.7,2.65,433.78269147940097,18.31496787593634,38846.140265648275
1955-03-01,36.5,1.56,2.96,26.7,2.68,430.3633661048691,18.39361235955057,38677.19809542529
1955-04-01,37.76,1.56333,3.04667,26.7,2.75,445.21974531835224,18.43287564747192,40150.40462351057
1955-05-01,37.6,1.56667,3.13333,26.7,2.76,443.33322097378294,18.472256843164804,40119.09648777252
1955-06-01,39.78,1.57,3.22,26.7,2.78,469.0371151685395,18.51152013108615,42584.74929275021
1955-07-01,42.69,1.58667,3.29333,26.8,2.9,501.4701114738808,18.638266145988812,45670.41805383635
1955-08-01,42.43,1.60333,3.36667,26.8,2.97,498.41594822761215,18.833967529384335,45535.20498100565
1955-09-01,44.34,1.62,3.44,26.9,2.97,518.9160473977698,18.95904368029741,47552.43219140739
1955-10-01,42.11,1.62667,3.5,26.9,2.88,492.81810455390354,19.03710344656135,45306.24558306039
1955-11-01,44.95,1.63333,3.56,26.9,2.89,526.0549465613386,19.115046181691458,48508.25005462075
1955-12-01,45.37,1.64,3.62,26.8,2.96,532.9514864738808,19.26472201492538,49292.225026588014
1956-01-01,44.15,1.67,3.64333,26.8,2.9,518.620412779851,19.617125466417917,48117.95392491502
1956-02-01,44.43,1.7,3.66667,26.8,2.84,521.909511660448,19.969528917910456,48577.51762227264
1956-03-01,47.49,1.73,3.69,26.8,2.96,557.8546637126868,20.321932369402994,52080.79159739527
1956-04-01,48.05,1.75333,3.66,26.9,3.18,562.3345980483274,20.519419787639418,52658.67358520665
1956-05-01,46.54,1.77667,3.63,27.0,3.07,542.6456268518521,20.715560933796308,50976.59566581905
1956-06-01,46.27,1.8,3.6,27.2,3.0,535.5305960477943,20.83326286764707,50471.29478421286
1956-07-01,48.78,1.81333,3.55333,27.4,3.11,560.4603914233579,20.834350995894173,52984.44177737929
1956-08-01,48.49,1.82667,3.50667,27.3,3.33,559.1691845238098,21.064499366758252,53028.32299588048
1956-09-01,46.84,1.84,3.46,27.4,3.38,538.1706587591244,21.140777372262786,51204.0183476983
1956-10-01,46.24,1.80667,3.44333,27.5,3.34,529.3450109090911,20.682347553181827,50528.290267966666
1956-11-01,45.76,1.77333,3.42667,27.5,3.49,523.8500800000003,20.300678810454556,50165.25750599545
1956-12-01,46.44,1.74,3.41,27.6,3.59,529.7083532608697,19.846953804347834,50884.644146216495
1957-01-01,45.43,1.73667,3.40667,27.6,3.46,518.1879950181162,19.808970841032615,49936.5533263365
1957-02-01,43.47,1.73333,3.40333,27.7,3.34,494.04165027075834,19.69949881904333,47767.82662198027
1957-03-01,44.03,1.73,3.4,27.8,3.41,498.6060939748204,19.59092760791368,48367.003279988916
1957-04-01,45.05,1.73,3.40667,27.9,3.48,508.32829525089625,19.520709229390693,49467.89955512923
1957-05-01,46.78,1.73,3.41333,28.0,3.6,525.9638294642859,19.450992410714296,51341.838416170285
1957-06-01,47.55,1.73,3.42,28.1,3.8,532.718641014235,19.381771797153036,52158.870061139554
1957-07-01,48.51,1.74,3.43667,28.3,3.93,539.6330393109542,19.356039752650187,52993.79416227318
1957-08-01,45.84,1.75,3.45333,28.3,3.93,509.9315300353359,19.467281360424035,50236.31799726382
1957-09-01,43.98,1.76,3.47,28.3,3.92,489.24059098939944,19.57852296819789,48358.666204754096
1957-10-01,41.24,1.77,3.43667,28.3,3.97,458.76039045936415,19.68976457597174,45508.05587879173
1957-11-01,40.35,1.78,3.40333,28.4,3.72,447.27939480633825,19.731284330985925,44532.273963278225
1957-12-01,40.33,1.79,3.37,28.4,3.21,447.0576949823946,19.84213424295776,44674.82874362329
1958-01-01,41.12,1.78333,3.29333,28.6,3.09,452.62732167832183,19.629958209353155,45394.875710394364
1958-02-01,41.26,1.77667,3.21667,28.6,3.05,454.16836800699315,19.556648434003506,45712.878111946426
1958-03-01,42.11,1.77,3.14,28.8,2.98,460.30579904513905,19.347928385416676,46492.905490020494
1958-04-01,42.34,1.75667,3.07,28.9,2.88,461.2184835640141,19.135774055795856,46746.15706004479
1958-05-01,43.7,1.74333,3.0,28.9,2.92,476.0332482698965,18.9904586431661,48408.08286150799
1958-06-01,44.75,1.73,2.93,28.9,2.97,487.47111807958504,18.84525216262977,49730.90480545423
1958-07-01,45.98,1.73,2.91333,29.0,3.2,499.14262844827607,18.78026853448277,51081.27147449289
1958-08-01,47.7,1.73,2.89667,28.9,3.54,519.6060856401386,18.84525216262977,53336.17678903241
1958-09-01,48.96,1.73,2.88,28.9,3.76,533.331529411765,18.84525216262977,54906.258163761966
1958-10-01,50.95,1.73667,2.88333,28.9,3.8,555.0090160034605,18.917909868944644,57300.24559621685
1958-11-01,52.5,1.74333,2.88667,29.0,3.74,569.9214439655175,18.92497430301725,59002.655641890684
1958-12-01,53.49,1.75,2.89,28.9,3.86,582.6777677335643,19.06311634948098,60487.751868672116
1959-01-01,55.62,1.75667,2.96333,29.0,4.02,603.7910612068968,19.06978862801725,62844.49136749793
1959-02-01,54.77,1.76333,3.03667,28.9,3.96,596.6210756920419,19.20832283001731,62264.821773012416
1959-03-01,56.16,1.77,3.11,28.9,3.99,611.762636678201,19.28098053633219,64012.71593908884
1959-04-01,57.1,1.77667,3.20667,29.0,4.12,619.8574181034485,19.286901559051735,65027.901926755585
1959-05-01,57.96,1.78333,3.30333,29.0,4.31,629.1932741379313,19.359200165086214,66176.55072451851
1959-06-01,57.46,1.79,3.4,29.1,4.34,621.6219269759453,19.36483204467355,65549.94809982908
1959-07-01,59.74,1.79667,3.41,29.2,4.4,644.074432363014,19.370425349743158,68087.77914965004
1959-08-01,59.4,1.80333,3.42,29.2,4.43,640.4087928082195,19.4422287598459,67871.54574356167
1959-09-01,57.05,1.81,3.43,29.3,4.68,612.9735302901025,19.447538822525605,65135.66961059563
1959-10-01,57.0,1.81667,3.41667,29.4,4.53,610.3531887755105,19.45281276232994,65029.48498131764
1959-11-01,57.23,1.82333,3.40333,29.4,4.53,612.8160174319731,19.524127713860555,65465.2329190361
1959-12-01,59.06,1.83,3.39,29.4,4.69,632.411567176871,19.59554974489797,67733.00898512012
1960-01-01,58.03,1.86667,3.39,29.3,4.72,623.5031369453928,20.056429444112638,66957.89994109262
1960-02-01,55.78,1.90333,3.39,29.4,4.49,597.2894889455786,20.38076376828232,64325.2111421058
1960-03-01,55.02,1.94,3.39,29.4,4.25,589.1514464285718,20.7734243197279,63635.216197680806
1960-04-01,55.73,1.94333,3.34667,29.5,4.28,594.7311961864409,20.7385425351695,64424.56114706109
1960-05-01,55.22,1.94667,3.30333,29.5,4.35,589.2886533898308,20.774185854661024,64022.52610643087
1960-06-01,57.26,1.95,3.26,29.6,4.15,608.9944366554057,20.739419341216223,66351.20354437444
1960-07-01,55.84,1.95,3.26333,29.6,3.9,593.8918851351355,20.739419341216223,64894.04953709098
1960-08-01,56.51,1.95,3.26667,29.6,3.8,601.0177369087841,20.739419341216223,65861.53335227056
1960-09-01,54.81,1.95,3.27,29.6,3.8,582.9372174831084,20.739419341216223,64069.60081769055
1960-10-01,53.73,1.95,3.27,29.8,3.89,567.6155297818794,20.600228607382558,62574.29905946882
1960-11-01,55.47,1.95,3.27,29.8,3.93,585.9972722315439,20.600228607382558,64789.962635881246
1960-12-01,56.8,1.95,3.27,29.8,3.84,600.0476845637586,20.600228607382558,66533.22961323931
1961-01-01,59.72,1.94667,3.21,29.8,3.84,630.8952063758392,20.565049755453025,70143.6207630913
1961-02-01,62.17,1.94333,3.15,29.8,3.78,656.7775448825506,20.52976526132551,73211.4576867523
1961-03-01,64.12,1.94,3.09,29.8,3.74,677.3777734899331,20.494586409395982,75698.15858453566
1961-04-01,65.83,1.94,3.07,29.8,3.78,695.4425893456379,20.494586409395982,77907.79239848955
1961-05-01,66.5,1.94,3.05,29.8,3.71,702.5206166107386,20.494586409395982,78892.04447218559
1961-06-01,65.62,1.94,3.03,29.8,3.88,693.2241031879198,20.494586409395982,78039.85221234821
1961-07-01,65.44,1.94667,3.03667,30.0,3.92,686.713726666667,20.427949423750007,77498.58524398415
1961-08-01,67.79,1.95333,3.04333,29.9,4.04,713.7533147993315,20.566392718645496,80743.53570043849
1961-09-01,67.26,1.96,3.05,30.0,3.98,705.8124275000004,20.567831666666677,80039.11581308582
1961-10-01,68.0,1.98,3.09667,30.0,3.92,713.5778333333336,20.77770750000001,81116.06198928034
1961-11-01,71.08,2.0,3.14333,30.0,3.94,745.8987116666669,20.987583333333344,84988.95632151361
1961-12-01,71.74,2.02,3.19,30.0,4.06,752.824614166667,21.19745916666668,85979.37817697675
1962-01-01,69.07,2.02667,3.25,30.0,4.08,724.8061904166668,21.267452757083344,82981.83211896586
1962-02-01,70.22,2.03333,3.31,30.1,4.04,734.4259642857145,21.26645323214286,84286.08040452468
1962-03-01,70.29,2.04,3.37,30.1,3.93,735.1580892857146,21.33621428571429,84574.15587158658
1962-04-01,68.05,2.04667,3.40333,30.2,3.84,709.3733671357619,21.335094626241734,81812.36263064736
1962-05-01,62.99,2.05333,3.43667,30.2,3.87,656.6264275662255,21.404520439983454,75934.74950258894
1962-06-01,55.63,2.06,3.47,30.2,3.91,579.9036063741726,21.47405049668875,67269.17891983333
1962-07-01,56.97,2.06667,3.49,30.3,4.01,591.9121893564359,21.472479627475252,68869.75042832425
1962-08-01,58.52,2.07333,3.51,30.3,3.98,608.0165231023105,21.54167631311882,70952.37736300097
1962-09-01,58.0,2.08,3.53,30.4,3.98,600.6314967105267,21.539888157894747,70300.04916428054
1962-10-01,56.17,2.09667,3.57667,30.4,3.93,581.6805374177635,21.712517934621722,68293.73727409904
1962-11-01,60.04,2.11333,3.62333,30.4,3.92,621.7571562500003,21.885044154194087,73213.16099198318
1962-12-01,62.64,2.13,3.67,30.4,3.86,648.6820164473687,22.057673930921062,76600.06230203038
1963-01-01,65.06,2.13667,3.68333,30.4,3.83,673.7428478618424,22.126746553042775,79777.12549962754
1963-02-01,65.92,2.14333,3.69667,30.4,3.92,682.648763157895,22.19571561800988,81050.6789394693
1963-03-01,65.67,2.15,3.71,30.5,3.93,677.8301299180331,22.19178893442624,80698.1327810763
1963-04-01,68.76,2.16667,3.75333,30.5,3.97,709.7243754098364,22.363852711885254,84717.13306897422
1963-05-01,70.14,2.18333,3.79667,30.5,3.93,723.9684073770495,22.535813271721324,86641.55761542285
1963-06-01,70.11,2.2,3.84,30.6,3.99,721.2938566176473,22.633668300653603,86547.2037458201
1963-07-01,69.07,2.20333,3.88,30.7,4.02,708.2796649022804,22.594090546824113,85211.56601652162
1963-08-01,70.98,2.20667,3.92,30.7,4.0,727.8657972312708,22.628340642100987,87794.79426260093
1963-09-01,72.85,2.21,3.96,30.7,4.08,747.0417487785019,22.66248819218242,90335.58237025226
1963-10-01,73.03,2.23333,3.98,30.8,4.11,746.4561091720782,22.827369879464296,90494.79643197326
1963-11-01,72.62,2.25667,4.0,30.8,4.12,742.2654066558446,23.065933286120142,90219.77531487394
1963-12-01,74.17,2.28,4.02,30.9,4.13,755.6548814724923,23.228975728155348,92082.50277694681
1964-01-01,76.45,2.29667,4.07333,30.9,4.17,778.8838572006476,23.39881214279937,95150.7473475616
1964-02-01,77.39,2.31333,4.12667,30.9,4.15,788.4607156148871,23.568546675970886,96560.61818737196
1964-03-01,78.8,2.33,4.18,30.9,4.22,802.8260032362463,23.7383830906149,98562.1600533612
1964-04-01,79.94,2.34667,4.23,30.9,4.23,814.440491100324,23.908219505258913,100232.65837576224
1964-05-01,80.72,2.36333,4.28,30.9,4.2,822.3872459546928,24.07795403843043,101457.59846720197
1964-06-01,80.24,2.38,4.33,31.0,4.17,814.859848387097,24.169571774193557,100777.42888733746
1964-07-01,83.22,2.4,4.37667,31.1,4.19,842.4051535369779,24.294308681672035,104434.46455297792
1964-08-01,82.0,2.42,4.42333,31.0,4.19,832.7331451612907,24.57578306451614,103489.30043915332
1964-09-01,83.41,2.44,4.47,31.1,4.2,844.3284529742768,24.699213826366567,105186.12132210202
1964-10-01,84.85,2.46,4.49667,31.1,4.19,858.90503818328,24.901666398713836,107260.58684871583
1964-11-01,85.44,2.48,4.52333,31.2,4.15,862.1053461538465,25.023657051282065,107920.65740077654
1964-12-01,83.96,2.5,4.55,31.2,4.18,847.1718733974362,25.2254607371795,106314.39449509628
1965-01-01,86.12,2.51667,4.59333,31.2,4.19,868.9666714743594,25.393664109375013,109315.05686656968
1965-02-01,86.75,2.53333,4.63667,31.2,4.21,875.3234875801287,25.561766579727575,110382.707569971
1965-03-01,86.83,2.55,4.68,31.3,4.21,873.331562699681,25.647765575079884,110401.04184591507
1965-04-01,87.97,2.57,4.73333,31.4,4.2,881.9797957802551,25.766603105095555,111765.73422480212
1965-05-01,89.28,2.59,4.78667,31.4,4.21,895.1137452229304,25.96712141719746,113704.30285961716
1965-06-01,85.04,2.61,4.84,31.6,4.21,847.2076360759497,26.002021756329125,107894.14488662095
1965-07-01,84.91,2.62667,4.88667,31.6,4.2,845.9125162183548,26.168095971914564,108006.92264564241
1965-08-01,86.49,2.64333,4.93333,31.6,4.25,861.6532037183547,26.33407056289558,110296.90536479434
1965-09-01,89.38,2.66,4.98,31.6,4.29,890.4447143987344,26.500144778481022,114265.0774524359
1965-10-01,91.39,2.68,5.05,31.7,4.35,907.5971171135651,26.615168769716103,116750.74850607359
1965-11-01,92.15,2.7,5.12,31.7,4.45,915.1447022870667,26.81378943217667,118009.08625942167
1965-12-01,91.73,2.72,5.19,31.8,4.62,908.1089713050319,26.927465408805045,117391.18064231446
1966-01-01,93.32,2.74,5.24,31.8,4.61,923.8496588050318,27.125461477987432,119718.18703936313
1966-02-01,92.69,2.76,5.29,32.0,4.83,911.8777027343754,27.15268593750001,118460.0043139146
1966-03-01,88.88,2.78,5.34,32.1,4.87,871.6712180685362,27.264243769470415,113532.02241757538
1966-04-01,91.6,2.79667,5.38,32.3,4.75,892.7845046439633,27.257900006578964,116577.80517676352
1966-05-01,86.78,2.81333,5.42,32.3,4.78,845.8061060371521,27.420277625000015,110741.84410072089
1966-06-01,86.06,2.83,5.46,32.4,4.81,836.199732253087,27.497620756172854,109784.09964099652
1966-07-01,85.84,2.85,5.47667,32.5,5.02,831.4957630769235,27.606744230769245,109468.55793413226
1966-08-01,80.65,2.87,5.49333,32.7,5.22,776.4443100152909,27.630442278287475,102524.02731115729
1966-09-01,77.81,2.89,5.51,32.7,5.18,749.1026876911318,27.8229889143731,99219.91033261317
1966-10-01,77.13,2.88333,5.52333,32.9,5.01,738.0420832066873,27.59002826101825,98059.44347636313
1966-11-01,80.99,2.87667,5.53667,32.9,5.16,774.9776781914898,27.52630000645898,103271.6372629251
1966-12-01,81.33,2.87,5.55,32.9,4.84,778.2310725683894,27.462476063829804,104010.1418920741
1967-01-01,84.45,2.88,5.51667,32.9,4.58,808.0857503799397,27.558164133738615,108307.13041730919
1967-02-01,87.36,2.89,5.48333,32.9,4.63,835.9309787234047,27.65385220364743,112348.07436942925
1967-03-01,89.42,2.9,5.45,33.0,4.54,853.0498643939399,27.66545075757577,114958.68127268385
1967-04-01,90.96,2.9,5.41,33.1,4.59,865.1195981873115,27.58186933534744,116894.97131420928
1967-05-01,92.59,2.9,5.37,33.2,4.85,877.9700335090365,27.49879141566266,118940.95872237727
1967-06-01,91.43,2.9,5.33,33.3,5.02,864.3670018768773,27.416212462462475,117407.63181723125
1967-07-01,93.01,2.90667,5.32,33.4,5.16,876.6714636976052,27.39699648839822,119389.06920723912
1967-08-01,94.49,2.91333,5.31,33.5,5.28,887.962723507463,27.377801262313447,121237.46652609191
1967-09-01,95.81,2.92,5.3,33.6,5.3,897.6876603422623,27.35881398809525,122876.53999922672
1967-10-01,95.66,2.92,5.31,33.7,5.48,893.6226505934721,27.27763056379823,122631.26620211435
1967-11-01,92.66,2.92,5.32,33.8,5.75,863.0367477810655,27.196927514792915,118745.00035748184
1967-12-01,95.3,2.92,5.33,33.9,5.7,885.0073856932158,27.116700589970513,122078.84965868577
1968-01-01,95.04,2.93,5.36667,34.1,5.53,877.4163870967745,27.04997910557186,121342.68120867641
1968-02-01,90.75,2.94,5.40333,34.2,5.56,835.361047149123,27.062936403508782,115838.50971074587
1968-03-01,89.09,2.95,5.44,34.3,5.74,817.6897080903796,27.075818148688064,113700.92734207204
1968-04-01,95.67,2.96333,5.48333,34.4,5.64,875.5299843750005,27.119099703125013,122057.94657452931
1968-05-01,97.87,2.97667,5.52667,34.5,5.87,893.0672960144932,27.162221600362333,124818.38734339447
1968-06-01,100.5,2.99,5.57,34.7,5.72,911.7804574927958,27.126602665706063,127749.75083944653
1968-07-01,100.3,3.00333,5.6,34.9,5.5,904.751264326648,27.091391970988553,127081.20416312094
1968-08-01,98.11,3.01667,5.63,35.0,5.42,882.4679146428575,27.13397700607144,124268.89157332625
1968-09-01,101.3,3.03,5.66,35.1,5.46,908.5650391737895,27.176229700854712,128262.79398654732
1968-10-01,103.8,3.04333,5.69333,35.3,5.58,925.7129532577908,27.141136821175653,131002.87213267587
1968-11-01,105.4,3.05667,5.72667,35.4,5.7,937.3268149717519,27.183100147245778,132966.98485690486
1968-12-01,106.5,3.07,5.76,35.5,6.03,944.4412500000004,27.2247383802817,134298.05839788693
1969-01-01,102.0,3.08,5.78,35.6,6.04,901.9944522471914,27.236695224719114,128584.94186866345
1969-02-01,101.5,3.09,5.8,35.8,6.19,892.5585370111736,27.17247171787711,127562.59368779126
1969-03-01,99.3,3.1,5.82,36.1,6.3,865.9558275623272,27.03386772853187,124082.55889954446
1969-04-01,101.3,3.11,5.82667,36.3,6.17,878.5298312672181,26.971646349862272,126206.3475172938
1969-05-01,104.6,3.12,5.83333,36.4,6.32,904.6570947802203,26.984035714285728,130282.72916483585
1969-06-01,99.14,3.13,5.84,36.6,6.57,852.7495949453555,26.922596653005474,123130.45566887486
1969-07-01,94.71,3.13667,5.85667,36.8,6.72,810.2176701766308,26.833338185122297,117312.05144231595
1969-08-01,94.18,3.14333,5.87333,37.0,6.69,801.3286209459463,26.744959588851366,116347.70100935081
1969-09-01,94.51,3.15,5.89,37.1,7.16,801.9689356469007,26.72946933962265,116764.08262054308
1969-10-01,95.52,3.15333,5.85333,37.3,7.1,806.193281501341,26.61425314443701,117702.04614092839
1969-11-01,96.21,3.15667,5.81667,37.5,7.14,807.6861570000003,26.500349872333345,118242.41691111549
1969-12-01,91.11,3.16,5.78,37.7,7.65,760.8138133289127,26.387571618037146,111702.39105767397
1970-01-01,90.31,3.16333,5.73,37.8,7.79,752.1383535052914,26.34549681977515,110750.99969562891
1970-02-01,87.16,3.16667,5.68,38.0,7.24,722.0833276315792,26.234506781907907,106647.36726423421
1970-03-01,88.65,3.17,5.63,38.2,7.07,730.5821711387438,26.124596531413623,108224.13252294829
1970-04-01,85.95,3.17333,5.59333,38.5,7.39,702.811475649351,25.948257591883127,104430.66401794074
1970-05-01,76.06,3.17667,5.55667,38.6,7.91,620.3298918393784,25.908274487370477,92495.5453341991
1970-06-01,75.59,3.18,5.52,38.8,7.84,613.3188495489694,25.801745489690738,91770.75146356614
1970-07-01,75.72,3.18333,5.46667,39.0,7.46,611.2230038461541,25.696309097115396,91777.56162092157
1970-08-01,77.92,3.18667,5.41333,39.0,7.53,628.9817282051285,25.723270069551294,94765.97554621966
1970-09-01,82.58,3.19,5.36,39.2,7.39,663.1969253826533,25.61877200255103,100242.68821473797
1970-10-01,84.37,3.17333,5.28333,39.4,7.33,674.1328956218279,25.35553089562184,102215.04346316424
1970-11-01,84.28,3.15667,5.20667,39.6,6.84,670.0126982323235,25.095028288194456,101907.4057466354
1970-12-01,90.05,3.14,5.13,39.8,6.39,712.2858841080406,24.837064698492476,108651.86614215287
1971-01-01,93.49,3.13,5.16,39.8,6.24,739.4959167713571,24.75796576633167,113117.19038366036
1971-02-01,97.11,3.12,5.19,39.9,6.11,766.2045930451131,24.617015037593998,117516.48587206303
1971-03-01,99.6,3.11,5.22,40.0,5.7,783.8862375000003,24.47676906250001,120541.24809913881
1971-04-01,103.0,3.10667,5.25333,40.1,5.83,808.6238466334167,24.389586850685795,124657.7870332266
1971-05-01,101.6,3.10333,5.28667,40.3,6.39,793.6743672456579,24.24245545378413,122664.60468143178
1971-06-01,99.72,3.1,5.32,40.6,6.52,773.2321958128082,24.037503078817746,119814.79825796673
1971-07-01,99.0,3.09667,5.35667,40.7,6.73,765.7631756756759,23.95268538605652,118966.74515844426
1971-08-01,97.24,3.09333,5.39333,40.8,6.58,750.306104166667,23.868206306066188,116874.38731650774
1971-09-01,99.4,3.09,5.43,40.8,6.14,766.9727144607847,23.842511948529424,119780.02112294192
1971-10-01,97.29,3.08333,5.52,40.9,5.93,748.8564727995114,23.732877256418107,117259.63146524137
1971-11-01,92.78,3.07667,5.61,40.9,5.81,714.1422915647926,23.681614186124705,112132.92945359346
1971-12-01,99.17,3.07,5.7,41.1,5.93,759.6126420316305,23.515284975669108,119580.26893558855
1972-01-01,103.3,3.07,5.73667,41.1,5.95,791.2472110705598,23.515284975669108,124868.754662186
1972-02-01,105.2,3.07,5.77333,41.3,6.08,801.8984624697342,23.40140950363197,126857.40904769044
1972-03-01,107.7,3.07,5.81,41.4,6.07,818.9720018115946,23.344884359903393,129866.13692593004
1972-04-01,108.8,3.07,5.86333,41.5,6.19,825.3430361445786,23.28863162650603,131184.14942610692
1972-05-01,107.7,3.07,5.91667,41.6,6.13,815.0346364182695,23.232649338942316,129853.40694683383
1972-06-01,108.0,3.07,5.97,41.7,6.11,815.3449640287773,23.17693555155876,130210.56653427146
1972-07-01,107.2,3.07333,6.02667,41.9,6.11,805.4423389021483,23.091325591587122,128936.42459663976
1972-08-01,111.0,3.07667,6.08333,42.0,6.21,832.0077678571431,23.061381433630963,133496.70026416786
1972-09-01,109.4,3.08,6.14,42.1,6.55,818.0670843230407,23.031504750593836,131567.85277495589
1972-10-01,109.6,3.10333,6.23333,42.3,6.48,815.6876359338065,23.096240065898357,131494.7144910834
1972-11-01,115.1,3.12667,6.32667,42.4,6.28,854.6005336084909,23.21506386114388,138079.62312030856
1972-12-01,117.5,3.15,6.42,42.5,6.36,870.3674264705885,23.333254411764717,140941.2804396599
1973-01-01,118.4,3.15667,6.54667,42.6,6.46,874.9753051643197,23.327772774941323,142002.24328766286
1973-02-01,114.2,3.16333,6.67333,42.9,6.64,838.0356701631705,23.213514680361317,136321.15330666397
1973-03-01,112.4,3.17,6.8,43.3,6.71,817.2070554272523,23.047565531177842,133245.43909205473
1973-04-01,110.3,3.18667,6.94333,43.6,6.67,796.4210235091746,23.009347080561938,130168.92004632724
1973-05-01,107.2,3.20333,7.08667,43.9,6.85,768.7479271070619,22.971579266230076,125958.84166405398
1973-06-01,104.8,3.22,7.23,44.2,6.9,746.4362217194573,22.93439536199096,122616.23222595493
1973-07-01,105.8,3.23667,7.38333,44.3,7.13,751.8576693002261,23.001088492381502,123821.67083774637
1973-08-01,103.8,3.25333,7.53667,45.1,7.4,724.5602494456765,22.709379540742802,119637.78583593614
1973-09-01,105.6,3.27,7.69,45.2,7.09,735.4940707964605,22.77524253318585,121756.53737387958
1973-10-01,109.8,3.30667,7.84667,45.6,6.79,758.0383717105266,22.828622427905714,125803.53648642804
1973-11-01,102.0,3.34333,8.00333,45.9,6.73,699.5861111111114,22.93085522412855,116419.97121101759
1973-12-01,94.78,3.38,8.16,46.2,6.74,645.8451780303033,23.03182846320347,107796.1996422534
1974-01-01,96.11,3.4,8.22667,46.6,6.99,649.2864702253222,22.969243562231767,108690.05367596734
1974-02-01,93.45,3.42,8.29333,47.2,6.96,623.2912063029663,22.810657309322043,104656.67377276099
1974-03-01,97.44,3.44,8.36,47.8,7.21,641.7458535564857,22.65605230125524,108072.40342191425
1974-04-01,92.46,3.46,8.48667,48.0,7.51,606.4099859375002,22.692824479166678,102440.17412055845
1974-05-01,89.67,3.48,8.61333,48.6,7.58,580.8508016975311,22.54221913580248,98439.82517776592
1974-06-01,89.79,3.5,8.74,49.0,7.54,576.8801349489798,22.486696428571438,98084.47368097508
1974-07-01,79.31,3.53,8.86333,49.4,7.81,505.42264195344154,22.49580035425102,86253.59909183471
1974-08-01,76.03,3.56,8.98667,50.0,8.04,478.7057882500002,22.414739000000008,82012.96570675295
1974-09-01,68.12,3.59,9.11,50.6,8.04,423.81645553359704,22.335600049407123,72928.08239203929
1974-10-01,69.44,3.59333,9.03667,51.1,7.9,427.8016986301372,22.137567363747564,73931.28474390812
1974-11-01,71.74,3.59667,8.96333,51.5,7.68,438.5386101941749,21.986042140048554,76103.43217632959
1974-12-01,67.07,3.6,8.89,51.9,7.43,406.8315647880541,21.83679190751446,70916.82596717682
1975-01-01,72.56,3.62333,8.74333,52.1,7.5,438.4431036468332,21.893936752159316,76745.2266622829
1975-02-01,80.1,3.64667,8.59667,52.5,7.39,480.31583571428587,21.867083004047625,84393.61206446096
1975-03-01,83.78,3.67,8.45,52.7,7.73,500.47620445920325,21.923462286527524,88256.88191436187
1975-04-01,84.72,3.68333,8.28667,52.9,8.23,504.1780888468811,21.919904154773167,89231.81732247246
1975-05-01,90.1,3.69667,8.12333,53.2,8.06,533.1714074248122,21.875235812265046,94685.82353225801
1975-06-01,92.4,3.71,7.96,53.6,7.86,542.7013152985077,21.79028008395523,96700.71601300535
1975-07-01,92.49,3.71,7.89333,54.2,8.06,537.2163051199265,21.54905927121772,96043.34958852916
1975-08-01,85.71,3.71,7.82667,54.3,8.4,496.91872030386764,21.509374079189694,89159.41420476092
1975-09-01,84.67,3.71,7.76,54.6,8.43,488.191945283883,21.391190705128214,87913.4586376231
1975-10-01,88.57,3.7,7.82667,54.9,8.14,507.88804804189454,21.21695582877961,91778.72214874203
1975-11-01,90.07,3.69,7.89333,55.3,8.05,512.7536069168176,21.00655944846294,92974.29607557708
1975-12-01,88.7,3.68,7.96,55.5,8.0,503.1347680180183,20.87413693693695,91545.58857004863
1976-01-01,96.86,3.68333,8.19333,55.6,7.74,548.4327306654678,20.855448377473028,100103.79394564686
1976-02-01,100.6,3.68667,8.42667,55.8,7.79,567.5674417562726,20.79954135685485,103912.76900545871
1976-03-01,101.1,3.69,8.66,55.9,7.73,569.3679807692309,20.781086538461548,104559.47749264605
1976-04-01,101.9,3.71333,8.85667,56.1,7.56,571.8274710338684,20.837920539884145,105330.03339338877
1976-05-01,101.2,3.73667,9.05333,56.5,7.9,563.8787876106197,20.820444163053107,104185.48610075699
1976-06-01,101.8,3.76,9.25,56.8,7.86,564.22605193662,20.839783450704235,104570.5218356241
1976-07-01,104.2,3.79,9.35,57.1,7.83,574.4937434325748,20.895693739054302,106796.20304974577
1976-08-01,103.3,3.82,9.45,57.4,7.77,566.5550587979096,20.951019599303148,105644.99132902082
1976-09-01,105.5,3.85,9.55,57.6,7.59,576.6119900173613,21.0422384982639,107847.2750860439
1976-10-01,101.9,3.91667,9.67,57.9,7.41,554.0504512089814,21.295709330095,103959.37443675625
1976-11-01,101.2,3.98333,9.79,58.0,7.29,549.2957155172417,21.620811289439665,103405.28738671103
1976-12-01,104.7,4.05,9.91,58.2,6.87,566.3401997422683,21.907142396907222,106957.59251272297
1977-01-01,103.8,4.09667,9.96667,58.5,7.21,558.5926025641028,22.04594949081197,105841.36260584641
1977-02-01,101.0,4.14333,10.0233,59.1,7.39,538.0065778341797,22.07068113007615,102289.24432636893
1977-03-01,100.6,4.19,10.08,59.5,7.46,532.2733319327733,22.16923718487396,101550.44942944692
1977-04-01,99.05,4.24667,10.1933,60.0,7.37,519.7050322916668,22.281835128541676,99506.84598817774
1977-05-01,98.76,4.30333,10.3067,60.3,7.46,515.6054054726371,22.466790294983426,99080.3714165631
1977-06-01,99.29,4.36,10.42,60.7,7.28,514.9564619028009,22.612651565074145,99317.77826895071
1977-07-01,100.2,4.40667,10.5167,61.0,7.33,517.1202909836068,22.742300126434436,100100.62682694991
1977-08-01,97.75,4.45333,10.6133,61.2,7.4,502.82751736111135,22.907998648488572,97703.46018123407
1977-09-01,96.23,4.5,10.71,61.4,7.34,493.3962078583064,23.07266897394138,96244.48088063793
1977-10-01,93.74,4.55667,10.77,61.6,7.52,479.06884618506507,23.287376139813325,93828.25632248611
1977-11-01,94.28,4.61333,10.83,61.9,7.58,479.4933820678516,23.46267717750405,94294.34514755756
1977-12-01,93.82,4.67,10.89,62.1,7.69,475.6171662640903,23.67439955716587,93920.0437063672
1978-01-01,90.25,4.71333,10.9,62.5,7.96,454.5910550000002,23.741137476600013,90158.70084491507
1978-02-01,88.98,4.75667,10.91,62.9,8.03,445.3438390302069,23.807076632949133,88718.17744249775
1978-03-01,88.82,4.8,10.92,63.4,8.04,441.03718099369104,23.83447949526815,88255.9139012375
1978-04-01,92.71,4.83667,11.0233,63.9,8.15,456.7509039514869,23.8286419438576,91797.74800365946
1978-05-01,97.41,4.87333,11.1267,64.5,8.35,475.4419750000002,23.785911508333346,95952.65163457763
1978-06-01,97.66,4.91,11.23,65.2,8.46,471.5446445552149,23.707599884969337,95564.81895656869
1978-07-01,97.19,4.94667,11.3433,65.7,8.64,465.70393245814324,23.70288786472604,94781.42955161814
1978-08-01,103.9,4.98333,11.4567,66.0,8.41,495.59316098484874,23.770012193750006,101267.71817572427
1978-09-01,103.9,5.02,11.57,66.5,8.42,491.8668966165416,23.76488759398497,100910.976042181
1978-10-01,100.6,5.03667,11.8233,67.1,8.64,471.9860394932938,23.630595681259326,97236.239706516
1978-11-01,94.71,5.05333,12.0767,67.4,8.81,442.3740395029675,23.603230968657275,91540.93973512665
1978-12-01,96.11,5.07,12.33,67.7,9.01,446.9239218980799,23.57615528064994,92889.00511500426
1979-01-01,99.71,5.11333,12.6533,68.3,9.1,459.5912007686679,23.5687641623353,95929.99438957023
1979-02-01,98.23,5.15667,12.9767,69.1,9.1,447.5275638567296,23.493351956765572,93820.60922392395
1979-03-01,100.1,5.2,13.3,69.8,9.12,451.4735870343842,23.45317335243554,95057.59273271289
1979-04-01,102.1,5.24667,13.5267,70.6,9.18,455.27597556657247,23.395522063916445,96268.67739019192
1979-05-01,99.73,5.29333,13.7533,71.5,9.25,439.1101438811191,23.306476465559452,93261.07393625769
1979-06-01,101.7,5.34,13.98,72.3,8.91,442.82929979253134,23.251803941908722,94462.50330958061
1979-07-01,102.7,5.39667,14.1967,73.1,8.95,442.28963235294145,23.241394257352955,94760.53015557531
1979-08-01,107.4,5.45333,14.4133,73.8,9.03,458.1435873983743,23.26264589820462,98572.57423261211
1979-09-01,108.6,5.51,14.63,74.6,9.33,458.2945475871316,23.252329256032183,99021.96179591776
1979-10-01,104.5,5.55667,14.7067,75.2,10.3,437.4738946143618,23.26218244963432,94942.17002314872
1979-11-01,103.7,5.60333,14.7833,75.9,10.65,430.1210260210805,23.24117694054678,93766.74753793846
1979-12-01,107.8,5.65,14.86,76.7,10.39,442.46313233376816,23.190321870925697,96878.62963720011
1980-01-01,110.9,5.7,15.0033,77.8,10.8,448.75121947300795,23.064760604113122,98676.2667139436
1980-02-01,115.3,5.75,15.1467,78.9,12.41,460.0510186945502,22.942700411913822,101581.39606099081
1980-03-01,104.7,5.8,15.29,80.1,12.75,411.4981226591763,22.79550249687891,91280.13774643154
1980-04-01,103.0,5.84667,15.1733,81.0,11.47,400.31871913580267,22.723606268055565,89220.33166791989
1980-05-01,107.7,5.89333,15.0567,81.8,10.18,414.491942237164,22.6809451991137,92800.41186860269
1980-06-01,114.6,5.94,14.94,82.7,9.78,436.2473488512698,22.611773579201945,98093.09823725228
1980-07-01,119.8,5.98333,14.84,82.7,10.25,456.04216747279344,22.77671771206168,102970.88525548996
1980-08-01,123.5,6.02667,14.74,83.3,11.1,466.7406737695081,22.776453573979605,105815.09000033437
1980-09-01,126.5,6.07,14.64,84.0,11.51,474.0945163690478,22.749041220238105,107912.07209739284
1980-10-01,130.2,6.1,14.7,84.8,11.75,483.3579038915096,22.64580041273586,110450.12636972599
1980-11-01,135.7,6.13,14.76,85.5,12.68,499.65176461988324,22.5708571637427,114603.16727207189
1980-12-01,133.5,6.16,14.82,86.3,12.84,486.9946190614139,22.471062572421797,112129.5556918137
1981-01-01,133.0,6.2,14.74,87.0,12.57,481.266997126437,22.43500287356323,111241.24992731272
1981-02-01,128.4,6.24,14.66,87.9,13.19,459.8644539249149,22.3485529010239,106724.68790018876
1981-03-01,133.2,6.28,14.58,88.5,13.12,473.8213728813561,22.339325988700576,110395.82970027618
1981-04-01,134.4,6.31667,14.7233,89.1,13.68,474.87057239057265,22.31845757814255,111073.615300967
1981-05-01,131.7,6.35333,14.8667,89.8,14.1,461.7034618596884,22.273002698079075,108427.93302105425
1981-06-01,132.3,6.39,15.01,90.6,13.47,459.7114693708612,22.203751241721864,108394.66045892678
1981-07-01,129.1,6.43333,15.0967,91.6,14.28,443.69492494541504,22.11027011230896,105052.58962690191
1981-08-01,129.6,6.47667,15.1833,92.3,14.94,442.03534127844006,22.090409211403045,105095.51175231373
1981-09-01,118.3,6.52,15.27,93.2,15.32,399.5972813841203,22.02345118025752,95442.05481227419
1981-10-01,119.8,6.55667,15.3,93.4,15.15,403.79750802997876,22.099891544031056,96885.1323229657
1981-11-01,122.9,6.59333,15.33,93.7,13.39,412.9200627001069,22.152304613527225,99516.8779599521
1981-12-01,123.8,6.63,15.36,94.0,13.72,414.6164069148938,22.204416622340435,100371.66261122607
1982-01-01,117.3,6.66,15.1767,94.3,14.59,391.5975914634148,22.233929745493118,95247.73271314084
1982-02-01,114.5,6.69,14.9933,94.6,14.43,381.03778409090927,22.263255681818194,93130.5406193944
1982-03-01,110.8,6.72,14.81,94.5,13.86,369.1149576719578,22.386755555555567,90672.41593487644
1982-04-01,116.3,6.75,14.5967,94.9,13.87,385.8044164910433,22.391915832455226,95230.5288180421
1982-05-01,116.4,6.78,14.3833,95.8,13.62,382.50856471816303,22.280138048016713,94875.2885529198
1982-06-01,109.7,6.81,14.17,97.0,14.3,356.03163273195895,22.101872551546403,88764.93360548148
1982-07-01,109.4,6.82333,13.9667,97.5,13.95,353.2371717948719,22.031570305512833,88525.96354747098
1982-08-01,109.7,6.83667,13.7633,97.7,13.06,353.4807407881271,22.029454659288646,89047.07821544635
1982-09-01,122.4,6.85,13.56,97.9,12.34,393.59757916241074,22.02731550051073,99615.52647091897
1982-10-01,132.7,6.85667,13.2533,98.2,10.91,425.4153220468433,21.981405246563146,108131.87791892889
1982-11-01,138.1,6.86333,12.9467,98.0,10.55,443.63039668367367,22.047659742729603,113228.78287788272
1982-12-01,139.4,6.87,12.64,97.6,10.54,449.64176997950847,22.15953342725411,115234.39814896364
1983-01-01,144.3,6.88333,12.5667,97.8,10.46,464.49513420245427,22.157126071446843,119514.2283141394
1983-02-01,146.8,6.89667,12.4933,97.9,10.72,472.059841675179,22.177390655898886,121936.1402726896
1983-03-01,151.9,6.91,12.42,97.9,10.51,488.45974080694606,22.22025549029623,126650.64442458155
1983-04-01,157.7,6.92,12.4767,98.6,10.4,503.51042976673455,22.094433569979728,131030.4710466822
1983-05-01,164.1,6.93,12.5333,99.2,10.38,520.7755682963711,21.992533140120976,136000.37848922604
1983-06-01,166.4,6.94,12.59,99.5,10.85,526.4824924623118,21.957863567839205,137968.59740855903
1983-07-01,167.0,6.96,12.8267,99.9,11.38,526.265227727728,21.932969969969978,138390.63622491295
1983-08-01,162.4,6.98,13.0633,100.2,11.85,510.2370558882238,21.930139471057895,134656.32451536262
1983-09-01,167.2,7.0,13.3,100.7,11.65,522.7096226415096,21.883776067527318,138429.2291127489
1983-10-01,167.7,7.03,13.5433,101.0,11.54,522.7155037128715,21.91228378712872,138914.37257912732
1983-11-01,165.2,7.06,13.7867,101.2,11.69,513.9054496047432,21.96230311264823,137059.437784149
1983-12-01,164.4,7.09,14.03,101.3,11.83,510.9119496544919,22.03385476307997,136750.77184542446
1984-01-01,166.4,7.12,14.44,101.9,11.67,514.0825122669286,21.996799803729154,138090.04403150623
1984-02-01,157.3,7.15,14.85,102.4,11.84,483.5957312011721,21.981624145507823,130392.89965328397
1984-03-01,157.4,7.18,15.26,102.6,12.32,482.95988547758316,22.030825779727106,130716.4733055541
1984-04-01,157.6,7.22333,15.5733,103.1,12.63,481.22838991270635,22.056291026066937,130745.3060403792
1984-05-01,156.6,7.26667,15.8867,103.4,13.41,476.7875556092845,22.124251767045465,130039.68529665284
1984-06-01,153.1,7.31,16.2,103.7,13.56,464.78288452266173,22.191788934426235,127269.89989176088
1984-07-01,151.1,7.33333,16.32,104.1,13.36,456.94868035542765,22.17707125156101,125630.74262293983
1984-08-01,164.4,7.35667,16.44,104.5,12.72,495.26679904306246,22.162496365669867,136673.4661569037
1984-09-01,166.1,7.38,16.56,105.0,12.52,498.00537023809545,22.126909285714294,137938.04409288533
1984-10-01,164.8,7.43,16.5867,105.3,12.16,492.6999620132956,22.21335386989555,136981.26976877375
1984-11-01,166.3,7.48,16.6133,105.3,11.57,497.184488366572,22.362838081671427,138746.17811915217
1984-12-01,164.5,7.53,16.64,105.3,11.5,491.8030567426403,22.512322293447305,137767.94664684485
1985-01-01,171.6,7.57333,16.5567,105.5,11.38,512.0572464454979,22.598942343957358,143969.2683103404
1985-02-01,180.9,7.61667,16.4733,106.0,11.51,537.2623337264154,22.62106080389152,151585.90257984897
1985-03-01,179.4,7.66,16.39,106.4,11.86,530.8043867481205,22.66422297932332,150296.70804677188
1985-04-01,180.6,7.68667,16.13,106.9,11.43,531.8555963517308,22.63675778963986,151128.4881437317
1985-05-01,184.9,7.71333,15.87,107.3,10.85,542.4889317334579,22.630590328867672,154685.86440963438
1985-06-01,188.9,7.74,15.61,107.6,10.16,552.6795295074352,22.64552439591079,158129.71956055524
1985-07-01,192.5,7.77333,15.4833,107.8,10.31,562.167410714286,22.70084570767626,161385.59527547835
1985-08-01,188.3,7.80667,15.3567,108.0,10.33,548.8836030092596,22.755991275115754,158116.50778930745
1985-09-01,184.1,7.84,15.23,108.3,10.37,535.1543063250233,22.789841181902137,154708.60686557204
1985-10-01,186.2,7.86,15.0233,108.7,10.24,539.2669756209754,22.763901333946652,156445.9493132926
1985-11-01,197.5,7.88,14.8167,109.0,9.78,570.41940940367,22.75901238532111,166033.75137015677
1985-12-01,207.3,7.9,14.61,109.3,9.26,597.0804242909427,22.754150274473936,174345.9826564932
1986-01-01,208.2,7.94,14.58,109.6,9.19,598.0312294708032,22.80676254562045,175178.57515510643
1986-02-01,219.4,7.98,14.55,109.3,8.7,631.9317177493141,22.98457204940532,185669.95526986118
1986-03-01,232.3,8.02,14.52,108.8,7.78,672.1620783547797,23.205940027573536,198058.35555868637
1986-04-01,238.0,8.04667,14.5833,108.6,7.3,689.923319521179,23.325988560888597,203864.62548740662
1986-05-01,238.5,8.07333,14.6467,108.9,7.71,689.4681301652895,23.338799745523428,204304.8183170007
1986-06-01,245.3,8.1,14.71,109.5,7.8,705.2403002283108,23.287592465753434,209553.51770305625
1986-07-01,240.2,8.14333,14.7567,109.5,7.3,690.5777420091326,23.412166710388142,205776.43799246027
1986-08-01,245.0,8.18667,14.8033,109.7,7.17,703.0936075660896,23.49385854797175,210089.2670852859
1986-09-01,238.3,8.23,14.85,110.2,7.45,680.7633087568062,23.511045031760446,204002.25693520732
1986-10-01,237.4,8.24667,14.7267,110.3,7.43,677.5773730734364,23.537308320149602,203635.31676914115
1986-11-01,245.1,8.26333,14.6033,110.4,7.25,698.9207438858698,23.563495514379536,210639.87091703818
1986-12-01,248.6,8.28,14.48,110.5,7.11,708.2597126696835,23.589663800904987,214046.88977878794
1987-01-01,264.5,8.3,14.6867,111.2,7.08,748.8150798111513,23.497788893884906,226895.12292942867
1987-02-01,280.9,8.32,14.8933,111.6,7.25,792.3941073028677,23.46998566308245,240692.4379834982
1987-03-01,292.5,8.34,15.1,112.1,7.25,821.4364128010708,23.42146900089207,250107.00091270945
1987-04-01,289.3,8.4,14.8733,112.7,8.02,808.1243822094058,23.46437888198759,246649.17806660966
1987-05-01,289.1,8.46,14.6467,113.1,8.61,804.7095943855,23.548402519893912,246205.88190981507
1987-06-01,301.4,8.52,14.42,113.5,8.4,835.9899933920709,23.631833920704853,256378.83911531197
1987-07-01,310.1,8.56667,14.9,113.8,8.45,857.8536368629178,23.698642422781205,263689.566256716
1987-08-01,329.4,8.61333,15.38,114.4,8.76,906.4654654720283,23.702751025240396,279239.1644310703
1987-09-01,318.7,8.66,15.86,115.0,9.42,872.4447141304352,23.706844130434792,269367.5588304157
1987-10-01,280.2,8.71,16.4067,115.3,9.52,765.0547506504774,23.781680507372087,236822.75981868632
1987-11-01,245.0,8.76,16.9533,115.4,8.86,668.3654137781632,23.89747357019065,207509.02319120098
1987-12-01,241.0,8.81,17.5,115.4,8.99,657.4533253899483,24.03387467504334,204742.94202832234
1988-01-01,250.5,8.85667,17.8633,115.7,8.67,681.5976177614523,24.098543605985313,212887.3082866142
1988-02-01,258.1,8.90333,18.2267,116.0,8.21,700.4605937500004,24.16285090334053,219407.8003767304
1988-03-01,265.7,8.95,18.59,116.5,8.37,717.9915311158802,24.185262339055804,225530.38225861627
1988-04-01,262.6,9.04333,19.6167,117.1,8.72,705.9785717335615,24.312251321840318,222393.3563382652
1988-05-01,256.1,9.13667,20.6433,117.5,9.09,686.160011702128,24.479568895425544,216792.84410726491
1988-06-01,270.7,9.23,21.67,118.0,8.92,722.204085805085,24.62483824152544,228829.35345928016
1988-07-01,269.1,9.30667,22.0233,118.5,9.06,714.9061613924054,24.724621795042207,227169.84647663124
1988-08-01,263.7,9.38333,22.3767,119.0,9.26,697.6166880252104,24.82354037636556,222333.2438437381
1988-09-01,268.0,9.46,22.73,119.8,8.98,704.2578046744577,24.859249373956608,225110.0229881582
1988-10-01,277.4,9.55,23.0733,120.2,8.8,726.5335628119802,25.01224053660567,232896.52563941324
1988-11-01,271.0,9.64,23.4167,120.3,8.96,709.1814318370743,25.22697049044058,228008.04553335084
1988-12-01,276.5,9.75,23.75,120.5,9.11,722.3734595435689,25.47248184647304,232931.8669006499
1989-01-01,285.4,9.81333,24.16,121.1,9.09,741.9310012386461,25.5109101344963,239923.77202390367
1989-02-01,294.0,9.89667,24.56,121.6,9.17,761.1450863486846,25.621774631681756,246827.6330320957
1989-03-01,292.7,10.01,24.96,122.3,9.36,753.4422291496325,25.766849039247763,245026.03107118257
1989-04-01,302.3,10.0867,25.0467,123.1,9.18,773.0966419577583,25.795547133428123,252116.896967949
1989-05-01,313.9,10.1933,25.1333,123.8,8.86,798.2232320274641,25.92076734955575,261015.43069020813
1989-06-01,323.7,10.37,25.22,124.1,8.28,821.1539957695411,26.306354452054805,269230.5263520702
1989-07-01,331.9,10.4233,24.71,124.4,8.02,839.9251095257237,26.377798716840843,276105.6873067617
1989-08-01,346.6,10.5467,24.2,124.6,8.11,875.7178631621193,26.647240586878024,288601.6871851249
1989-09-01,347.3,10.73,23.69,125.0,8.19,874.6785230000004,27.02361230000001,289001.3208635918
1989-10-01,347.4,10.7967,23.4267,125.6,8.01,870.7507703025481,27.061700753383768,288448.67578733445
1989-11-01,340.2,10.9233,23.1633,125.9,7.87,850.6722617156476,27.313781059372527,282551.38876709813
1989-12-01,348.6,11.06,22.87,126.1,7.84,870.2939988104683,27.611737311657432,289833.0340084494
1990-01-01,339.97,11.14,22.49,127.4,8.21,840.0881521781794,27.527670133438,280537.5738852524
1990-02-01,330.45,11.23,22.08,128.0,8.47,812.7359663085941,27.619987597656262,272172.2468020467
1990-03-01,338.46,11.32,21.67,128.7,8.59,827.9087942890447,27.689911810411825,278026.1259685553
1990-04-01,338.18,11.4367,21.5333,128.9,8.79,825.9403721877428,27.931965978471695,278146.76556947886
1990-05-01,350.25,11.5533,21.3967,129.2,8.76,853.4327858939633,28.151220571787942,288195.23937617685
1990-06-01,360.39,11.66,21.26,129.9,8.48,873.4082168013861,28.25810873749039,295735.93685820035
1990-07-01,360.03,11.7267,21.42,130.4,8.47,869.1901412001537,28.31078529236964,295106.5326329384
1990-08-01,330.75,11.7833,21.58,131.6,8.75,791.220728058511,28.18803085391339,269431.9694942895
1990-09-01,315.41,11.83,21.74,132.7,8.89,748.269818293143,28.06515947626226,255602.43972807267
1990-10-01,307.12,11.9267,21.6067,133.5,8.72,724.2366958801501,28.125012375468177,248193.53974868063
1990-11-01,315.29,12.0133,21.4733,133.8,8.39,741.8357790545593,28.265710185911818,255031.9016630572
1990-12-01,328.75,12.09,21.34,133.8,8.08,773.505383501495,28.446175168161446,266734.37886598235
1991-01-01,325.49,12.1067,21.1833,134.6,8.09,761.2832651374447,28.31616364877416,263333.4312499152
1991-02-01,362.26,12.1133,21.0267,134.8,7.85,846.0269219213653,28.28956526613503,293462.34382703446
1991-03-01,372.28,12.11,20.94,135.0,8.11,868.1397248148152,28.239959351851862,301948.93982227665
1991-04-01,379.68,12.13,20.3633,135.2,8.04,884.0864245562135,28.24475434541422,308314.0387325966
1991-05-01,377.99,12.14,19.8567,135.6,8.07,877.5549363016229,28.184652839233053,306855.3512016504
1991-06-01,378.29,12.15,19.41,136.0,8.28,875.6683344669121,28.12490487132354,307015.19980194455
1991-07-01,380.23,12.1933,18.84,136.2,8.27,878.8666091226142,28.183689411710738,308959.9856130431
1991-08-01,389.4,12.2367,18.33,136.6,7.9,897.4266050512449,28.201181659041012,316310.7967577606
1991-09-01,387.2,12.28,17.82,137.2,7.65,888.4539650145776,28.17720736151605,313975.8834274517
1991-10-01,386.88,12.2533,17.2033,137.4,7.53,886.4275371179043,28.075016905931598,314086.55173564225
1991-11-01,385.92,12.2267,16.5867,137.8,7.42,881.6612656023225,27.932752373911473,313222.50671963574
1991-12-01,388.51,12.2,15.97,137.9,7.09,886.9346628897755,27.85154278462655,315920.5091317038
1992-01-01,416.08,12.24,16.0467,138.1,7.03,948.498950760319,27.90239174511225,338677.5397940743
1992-02-01,412.56,12.28,16.1233,138.6,7.34,937.081967532468,27.892589105339116,335430.8733980598
1992-03-01,407.36,12.32,16.19,139.3,7.54,920.6211715721469,27.842824120603026,330369.223763965
1992-04-01,407.41,12.32,16.4833,139.5,7.48,919.4141210573481,27.80290609318998,330767.50162794424
1992-05-01,414.81,12.32,16.7667,139.7,7.39,934.7737411417328,27.76310236220474,337125.59862456843
1992-06-01,408.27,12.32,17.05,140.2,7.26,916.7547055099861,27.664089871612,331458.4638560463
1992-07-01,415.05,12.3433,17.38,140.5,6.84,929.9889461743777,27.65722818772243,337076.6911173108
1992-08-01,417.93,12.3667,17.71,140.9,6.59,933.7836092086591,27.630995047019173,339286.65232152643
1992-09-01,418.48,12.4,18.04,141.3,6.42,932.3655916489741,27.62696744515217,339607.93376311305
1992-10-01,412.5,12.3867,18.39,141.8,6.59,915.8016352256703,27.500024521332872,334409.3483758319
1992-11-01,422.84,12.3833,18.74,142.0,6.87,937.4355355633807,27.453754298415507,343144.4763928365
1992-12-01,435.64,12.39,19.09,141.9,6.77,966.4937424242428,27.487965909090924,354619.6033846909
1993-01-01,435.23,12.4133,19.34,142.6,6.6,960.8442385168307,27.40447070739833,353384.6466490123
1993-02-01,441.7,12.4467,19.59,143.1,6.26,971.7207084206854,27.382196381027267,358224.0867338297
1993-03-01,450.16,12.48,19.84,143.6,5.98,986.8841065459615,27.359857938718676,364654.5775816609
1993-04-01,443.08,12.4933,19.67,144.0,5.97,968.6644190972225,27.3129348810764,358763.39931250527
1993-05-01,445.25,12.5067,19.5,144.2,6.04,972.0584062933432,27.304307400312084,360863.15011905023
1993-06-01,448.06,12.52,19.33,144.4,5.96,976.8382882617732,27.29548580332411,363482.0371774424
1993-07-01,447.29,12.52,19.69,144.4,5.81,975.1595722818564,27.29548580332411,363703.77479478944
1993-08-01,454.13,12.52,20.05,144.8,5.68,987.336797565608,27.220083908839786,369091.5153149615
1993-09-01,459.24,12.52,20.41,145.1,5.36,996.382264300483,27.163805306685056,373319.14990334265
1993-10-01,463.9,12.54,20.9,145.7,5.33,1002.3479658544961,27.095157343857256,376400.3358780704
1993-11-01,462.89,12.56,21.39,145.8,5.72,999.4796758401924,27.119757887517157,376171.9040681965
1993-12-01,465.95,12.58,21.89,145.8,5.77,1006.0868780006862,27.162942215363522,379510.57972018037
1994-01-01,472.99,12.6233,22.1567,146.2,5.75,1018.4935404411771,27.181863272058838,385045.00241033226
1994-02-01,471.58,12.6667,22.4333,146.7,5.97,1011.9963750852085,27.182353968132258,383445.0918335682
1994-03-01,463.81,12.71,22.71,147.2,6.48,991.9413409476906,27.18262746263589,376704.5367444215
1994-04-01,447.23,12.7533,23.54,147.4,6.97,955.1842158242881,27.238223866180473,363607.47977801
1994-05-01,450.9,12.7967,24.37,147.5,7.18,962.3696262711868,27.312387217796623,367209.1424559406
1994-06-01,454.83,12.84,25.2,148.0,7.1,967.4779588682437,27.312219932432445,370026.77208249184
1994-07-01,451.4,12.87,25.91,148.4,7.3,957.593846024259,27.302243682614566,367116.62177566206
1994-08-01,464.24,12.9,26.62,149.0,7.24,980.8666798657723,27.255687080536926,376909.58235605364
1994-09-01,466.96,12.92,27.33,149.4,7.46,983.9720796519414,27.224857095046865,378974.65817571606
1994-10-01,463.81,13.0133,28.42,149.5,7.74,976.6807049331107,27.403115537625432,377045.9221689118
1994-11-01,461.01,13.0967,29.51,149.7,7.96,969.487554358718,27.541892048263207,375155.0603531453
1994-12-01,455.19,13.17,30.6,149.7,7.81,957.2483023547098,27.69603932865733,371312.0422569701
1995-01-01,465.25,13.18,31.25,150.3,7.78,974.4983179474389,27.606421989354633,378895.607473574
1995-02-01,481.92,13.18,31.9,150.9,7.47,1005.4012087475153,27.49665490390988,391801.90619606385
1995-03-01,493.15,13.17,32.55,151.4,7.2,1025.4319736624839,27.385053418097765,400497.1595381085
1995-04-01,507.91,13.2433,33.1767,151.9,7.06,1052.6468187129694,27.446826434331808,412019.62010000116
1995-05-01,523.81,13.3067,33.8033,152.2,6.63,1083.4598579993435,27.52386417296322,424978.0098499413
1995-06-01,539.35,13.36,34.43,152.5,6.17,1113.4084987704923,27.579748852459026,437626.6058113665
1995-07-01,557.37,13.44,34.68,152.5,6.28,1150.6081300819678,27.74489704918034,453156.7313981461
1995-08-01,559.11,13.51,34.93,152.9,6.49,1151.1806132276004,27.816440565729245,454295.1368181159
1995-09-01,578.77,13.58,35.18,153.2,6.2,1189.326071067233,27.9058141318538,470266.35113589745
1995-10-01,582.92,13.65,34.7733,153.7,6.04,1193.9572618737807,27.958410458685766,473018.7935379229
1995-11-01,595.53,13.72,34.3667,153.6,5.93,1220.5796389160162,28.12008235677085,484494.3538948122
1995-12-01,614.57,13.79,33.96,153.5,5.71,1260.4240152280138,28.28196490228014,501245.6134863603
1996-01-01,614.42,13.8933,33.9867,154.4,5.65,1252.7711416774616,28.32773233727333,499140.9989800052
1996-02-01,649.54,13.9967,34.0133,154.9,5.81,1320.1040876371858,28.446440378469998,526912.9238023461
1996-03-01,647.07,14.1,34.04,155.7,6.27,1308.3271240366096,28.509144990366103,523160.48138093454
1996-04-01,647.17,14.1567,34.33,156.3,6.51,1303.5061713851571,28.513907963051835,522182.88227618195
1996-05-01,661.23,14.2133,34.62,156.6,6.74,1329.2739202586213,28.573066876596435,533459.2701961453
1996-06-01,668.5,14.27,34.91,156.7,6.91,1343.031218091896,28.668744176770915,539939.0673316865
1996-07-01,644.07,14.4,35.2733,157.0,6.87,1291.4782927547776,28.87463694267517,520180.6089859347
1996-08-01,662.68,14.53,35.6367,157.3,6.64,1326.2604949141771,29.07974435791482,535166.2166706789
1996-09-01,674.88,14.66,36.0,157.8,6.83,1346.3973612167304,29.246955481622315,544275.2133400766
1996-10-01,701.46,14.74,36.91,158.3,6.53,1395.004757264688,29.313674510423258,564912.0331415207
1996-11-01,735.67,14.82,37.82,158.6,6.2,1460.2713206967221,29.41702254098362,592334.6657022461
1996-12-01,743.25,14.9,38.73,158.6,6.3,1475.3172741960914,29.575818883984883,599437.5501150081
1997-01-01,766.22,14.9533,39.2333,159.1,6.58,1516.13193918919,29.58833719594596,617022.8338204568
1997-02-01,798.39,15.0067,39.7367,159.6,6.42,1574.8380317199255,29.600974324091492,641918.4503267182
1997-03-01,792.16,15.06,40.24,160.0,6.69,1558.6428762500007,29.63184421875001,636323.6738283398
1997-04-01,763.93,15.0933,40.3433,160.2,6.89,1501.2213984862678,29.660289468632975,613890.1511422843
1997-05-01,833.09,15.1267,40.4467,160.1,6.71,1638.1523234697072,29.744491893347924,670898.5314778587
1997-06-01,876.29,15.16,40.55,160.3,6.49,1720.949101606364,29.77277885215223,705823.7205729899
1997-07-01,925.29,15.2167,40.58,160.5,6.22,1814.915979672898,29.846893393302196,745383.0574543285
1997-08-01,927.24,15.2733,40.61,160.8,6.3,1815.3476464552245,29.90202019822762,746583.7349147196
1997-09-01,937.02,15.33,40.64,161.2,6.21,1829.9428041253109,29.93855327233252,753612.2199324059
1997-10-01,951.16,15.3867,40.3333,161.6,6.03,1852.9594458539614,29.974905489634914,764119.6942721481
1997-11-01,938.92,15.4433,40.0267,161.5,5.88,1830.2472207430349,30.103796813467508,755788.184440988
1997-12-01,962.37,15.5,39.72,161.3,5.81,1878.2846161655307,30.251786267823945,776665.9237923694
1998-01-01,963.36,15.55,39.66,161.6,5.54,1876.7263254950503,30.29303101794556,777065.4155096621
1998-02-01,1023.74,15.6,39.6,161.9,5.57,1990.6573713712178,30.334122915379876,825285.64564806
1998-03-01,1076.83,15.64,39.54,162.2,5.65,2090.0178200524056,30.355653822441447,867527.18205276
1998-04-01,1112.2,15.75,39.35,162.5,5.64,2154.682170769232,30.51271730769232,895423.5787736282
1998-05-01,1108.42,15.85,39.16,162.8,5.65,2143.402068642507,30.649864480958243,891797.3277301858
1998-06-01,1108.39,15.95,38.97,163.0,5.5,2140.7141862730073,30.805394555214733,891747.0810045338
1998-07-01,1156.58,16.0167,38.6767,163.2,5.46,2231.049552542893,30.896307534466924,930450.1802094922
1998-08-01,1074.62,16.0833,38.3833,163.4,5.34,2070.410967105264,30.986805296052648,864533.4188715672
1998-09-01,1020.64,16.14,38.09,163.6,4.81,1964.0067591687052,31.058031326405885,821183.3611961268
1998-10-01,1032.47,16.1667,37.9633,164.0,4.53,1981.9253198932938,31.033533244664646,829756.7069547289
1998-11-01,1144.43,16.1833,37.8367,164.0,4.83,2196.8432921493913,31.065398538871964,920818.5079952334
1998-12-01,1190.05,16.2,37.71,163.9,4.65,2285.809049344113,31.11642922513729,959195.8612783579
1999-01-01,1248.77,16.28333333,37.93333333,164.3,4.72,2392.756948189289,31.20034831477352,1005165.5449910128
1999-02-01,1246.58,16.36666667,38.15666667,164.5,5.0,2385.6566837386026,31.32189488986453,1003279.3106227558
1999-03-01,1281.66,16.45,38.38,165.0,5.23,2445.3587322727285,31.385976893939407,1029486.7300001406
1999-04-01,1334.76,16.45,39.26,166.2,5.18,2528.2840009025285,31.15936334235862,1065491.1173035111
1999-05-01,1332.07,16.45,40.14,166.2,5.54,2523.1886399669083,31.15936334235862,1064438.0737858925
1999-06-01,1322.55,16.45,41.02,166.2,5.9,2505.1559871389904,31.15936334235862,1057926.1913250408
1999-07-01,1380.99,16.513333333333335,42.0,166.7,5.79,2608.006242426516,31.185509248150392,1102457.274423714
1999-08-01,1327.49,16.576666666666668,42.98,167.1,5.94,2500.970107645124,31.23017711450231,1058311.0595050068
1999-09-01,1318.17,16.64,43.96,167.9,5.92,2471.5785636539617,31.20012388326386,1046973.9482397411
1999-10-01,1300.01,16.656666666666666,45.36333333333334,168.2,6.11,2433.1808747770524,31.175670010899736,1031808.996191997
1999-11-01,1391.0,16.673333333333332,46.76666666666667,168.3,6.03,2601.9365790255506,31.188321994454355,1104473.2830531278
1999-12-01,1428.68,16.69,48.17,168.3,6.28,2672.4189444444455,31.21949784610816,1135496.066348087
2000-01-01,1425.59,16.713333333333335,49.09666666666667,168.8,6.66,2658.740129517181,31.170539938783584,1130787.6958867488
2000-02-01,1388.87,16.736666666666668,50.02333333333333,169.8,6.52,2575.002196481155,31.030228479583837,1096272.9370766482
2000-03-01,1442.21,16.76,50.95,171.2,6.26,2652.030013945679,30.819383469626185,1130159.9177598527
2000-04-01,1461.36,16.740000000000002,51.27333333333333,171.3,5.99,2685.675549912435,30.764636164623482,1145590.4555626414
2000-05-01,1418.48,16.72,51.59666666666667,171.5,6.44,2603.8309510204094,30.692046064139955,1111770.1571972556
2000-06-01,1461.96,16.7,51.92,172.4,6.1,2669.6352085266835,30.49529944895593,1140951.9761388425
2000-07-01,1473.0,16.583333333333332,52.51333333333334,172.8,6.05,2683.568598090279,30.21216061439044,1147982.8544875574
2000-08-01,1485.46,16.46666666666667,53.10666666666666,172.8,5.83,2706.2687099247696,29.999612750771618,1158762.9997357398
2000-09-01,1468.05,16.35,53.7,173.7,5.8,2660.6927212867026,29.632727763385166,1140305.7317080442
2000-10-01,1390.14,16.323333333333334,52.46666666666667,174.0,5.74,2515.144749568967,29.53338953544063,1078982.3174573726
2000-11-01,1378.04,16.296666666666667,51.23333333333333,174.1,5.72,2491.820448305573,29.468206466590097,1070029.8032298223
2000-12-01,1330.93,16.27,50.0,174.0,5.24,2408.0176108477026,29.4368948994253,1035096.840531971
2001-01-01,1335.63,16.169999999999998,48.48,175.1,5.16,2401.3403136065117,29.072177826956036,1033267.9754495597
2001-02-01,1305.75,16.07,46.96,175.8,5.1,2338.271069752561,28.777343358930615,1007161.914064194
2001-03-01,1185.85,15.97,45.44,176.2,4.89,2118.739417919978,28.53334612656074,913627.3734393131
2001-04-01,1189.84,15.876666666666665,42.556666666666665,176.9,5.14,2117.456146410402,28.25434127096289,914089.3130467307
2001-05-01,1270.37,15.783333333333331,39.67333333333333,177.7,5.39,2250.5905660523363,27.96179152598013,972568.3115235501
2001-06-01,1238.71,15.69,36.79,178.0,5.28,2190.8030351825855,27.749594030898887,947731.0854755753
2001-07-01,1204.45,15.706666666666667,33.96333333333333,177.5,5.24,2136.2108235915503,27.857321877934286,925118.9971245698
2001-08-01,1178.5,15.723333333333333,31.136666666666667,177.5,4.97,2090.185940140846,27.886881854460107,906193.6161526324
2001-09-01,1044.64,15.74,28.31,178.3,4.73,1844.4589781267537,27.791185782389245,800663.5208968751
2001-10-01,1076.59,15.740000000000002,27.103333333333335,177.7,4.57,1907.2894491418128,27.885022087788425,828946.3995575497
2001-11-01,1129.68,15.740000000000002,25.896666666666665,177.4,4.65,2004.7282812852322,27.93217826944759,872306.9352837587
2001-12-01,1144.93,15.74,24.69,176.7,5.09,2039.839879951897,28.042832059988697,888601.7058710555
2002-01-01,1140.21,15.736666666666668,24.69333333333333,177.1,5.04,2026.8423821993233,27.973568864106923,883955.1882609477
2002-02-01,1100.67,15.733333333333334,24.69666666666667,177.8,4.91,1948.8529258295846,27.857534683164616,850954.5378491692
2002-03-01,1153.79,15.73,24.7,178.8,5.28,2031.481860248882,27.695862905480997,888041.7182594428
2002-04-01,1111.93,15.833333333333332,25.38,179.8,5.21,1946.890172622359,27.722753290693372,852073.2122452621
2002-05-01,1079.25,15.936666666666667,26.06,179.8,5.16,1889.6704098303678,27.90368073322211,828048.181881019
2002-06-01,1014.02,16.04,26.74,179.9,4.93,1774.4715885214016,28.06899694274598,778593.3666057759
2002-07-01,903.59,15.96,27.84,180.1,4.65,1579.4700519850091,27.89798695169352,694051.6896184395
2002-08-01,912.55,15.879999999999999,28.939999999999998,180.7,4.26,1589.835570351412,27.665978693967915,699619.595425229
2002-09-01,867.81,15.8,30.04,181.0,3.87,1509.3840905386746,27.48097928176797,665224.059930567
2002-10-01,854.63,15.89,29.223333333333333,181.3,3.94,1484.00041457529,27.591784266409277,655050.193529885
2002-11-01,909.93,15.98,28.406666666666666,181.3,4.05,1580.0246858108114,27.748062465526765,698456.7954627916
2002-12-01,899.18,16.07,27.59,180.9,4.03,1564.8105457435054,27.96604180486458,692761.527785725
2003-01-01,895.84,16.119999999999997,28.5,181.7,4.05,1552.1340110071556,27.929541276829948,688179.8615790969
2003-02-01,837.03,16.169999999999998,29.41,183.1,3.9,1439.1510276488264,27.801957058984172,639113.081437561
2003-03-01,846.63,16.22,30.32,184.2,3.81,1446.963980252444,27.7213845005429,643608.6382242694
2003-04-01,890.03,16.203333333333333,31.73,183.8,3.96,1524.4487590451583,27.753167188066747,679102.5333784213
2003-05-01,935.96,16.186666666666667,33.13999999999999,183.5,3.57,1605.738841689374,27.769946775658507,716346.0643001938
2003-06-01,988.0,16.17,34.55,183.7,3.33,1693.1735710397397,27.711150449101815,756382.3103660678
2003-07-01,992.54,16.310000000000002,35.89333333333333,183.9,3.98,1699.1040751767273,27.920675706905946,760071.0169626292
2003-08-01,989.53,16.450000000000003,37.236666666666665,184.6,4.45,1687.5278983613225,28.05355464517878,755938.3534981037
2003-09-01,1019.44,16.59,38.58,185.2,4.27,1732.903505939526,28.20064855561556,777317.3529819457
2003-10-01,1038.73,16.85666666666667,41.96666666666667,185.0,4.29,1767.6026299324333,28.684921328828842,793954.3661647119
2003-11-01,1049.9,17.123333333333335,45.35333333333333,184.5,4.3,1791.4523367208683,29.217673599819346,805760.5851889146
2003-12-01,1080.64,17.39,48.74,184.3,4.27,1845.9052132392846,29.704889378730343,831365.825396827
2004-01-01,1132.52,17.6,49.826666666666675,185.2,4.15,1925.1234781317505,29.91750539956805,868167.3128129366
2004-02-01,1143.36,17.810000000000002,50.913333333333334,186.2,4.08,1933.1119720730408,30.111884465628375,872901.482979326
2004-03-01,1123.98,18.02,52.0,187.4,3.83,1888.1769409018152,30.271845117395955,853750.0692619792
2004-04-01,1133.36,18.213333333333335,53.38333333333333,188.0,4.35,1897.8580409574474,30.49897748226952,859276.6250427471
2004-05-01,1102.78,18.406666666666666,54.76666666666667,189.1,4.72,1835.908552221048,30.64342548034551,832384.4752783489
2004-06-01,1132.76,18.6,56.15,189.7,4.73,1879.854630732737,30.867347127042716,853475.4814184863
2004-07-01,1105.85,18.78666666666667,56.69,189.4,4.5,1838.103407800951,31.226509943681815,835701.3818535502
2004-08-01,1088.94,18.973333333333333,57.23,189.5,4.28,1809.0410813984176,31.520138346525957,823682.304122115
2004-09-01,1117.66,19.16,57.77,189.9,4.13,1852.8422107688264,31.76319878883624,844830.7720149049
2004-10-01,1117.21,19.253333333333334,58.03,190.9,4.1,1842.3942883053962,31.75072847913394,841273.3219212054
2004-11-01,1168.94,19.346666666666668,58.29,191.0,4.19,1926.6931147905768,31.887940750436314,880979.2055871614
2004-12-01,1199.21,19.44,58.55,190.3,4.23,1983.8560017735165,32.15963899106675,908342.3139753677
2005-01-01,1181.41,19.703333333333333,59.10666666666666,190.7,4.22,1950.309975812796,32.526902224261505,894223.7768009308
2005-02-01,1199.63,19.96666666666667,59.663333333333334,191.8,4.17,1969.0303384384783,32.77258189954816,904059.3219731989
2005-03-01,1194.9,20.23,60.22,193.3,4.5,1946.0473351008804,32.947140002586664,894767.5313375616
2005-04-01,1164.43,20.46333333333333,61.23333333333333,194.6,4.34,1883.754239015931,33.10451543764989,867394.3862725403
2005-05-01,1178.28,20.696666666666665,62.24666666666667,194.4,4.14,1908.1211180555563,33.51643644975996,879900.4540337777
2005-06-01,1202.25,20.93,63.26,194.5,4.0,1945.937434125965,33.876872943444745,898640.6777712653
2005-07-01,1222.24,21.11,64.33,195.4,4.18,1969.180950870011,34.01084064738998,910683.4750561437
2005-08-01,1224.27,21.29,65.39999999999999,196.4,4.26,1962.4085015911414,34.126195201120176,908866.6228232437
2005-09-01,1225.92,21.47,66.47,198.8,4.2,1941.3303440643872,33.9992515719316,900416.7162822046
2005-10-01,1191.96,21.72,67.58999999999999,199.2,4.46,1883.7620353915672,34.32607756024098,875042.456939339
2005-11-01,1237.37,21.97,68.71,197.6,4.54,1971.361790675608,35.00231825657896,917089.106047216
2005-12-01,1262.07,22.22,69.83,196.8,4.47,2018.8871415777446,35.54451994410571,940576.1389504562
2006-01-01,1278.73,22.406666666666666,70.77666666666666,198.3,4.42,2030.0644807740807,35.57199575558919,947164.5802454861
2006-02-01,1276.65,22.593333333333334,71.72333333333334,198.7,4.57,2022.6823046678421,35.796134834759286,945112.0675361638
2006-03-01,1293.74,22.78,72.67,199.8,4.72,2038.4741788038045,35.89317930430432,953888.539179373
2006-04-01,1302.17,23.0,73.27666666666666,201.5,4.99,2034.4467535359813,35.93407568238215,953405.1925817048
2006-05-01,1290.01,23.22,73.88333333333333,202.5,5.11,2005.495731543211,36.09864333333334,941247.586676216
2006-06-01,1253.17,23.44,74.49,202.9,5.11,1944.3821936298677,36.36882355840317,913987.3452652832
2006-07-01,1260.24,23.66,75.85,203.5,5.09,1949.5866353808362,36.601932800982816,917867.5507826462
2006-08-01,1287.15,23.88,77.21,203.9,4.88,1987.310045671899,36.86980063756745,937074.3027844448
2006-09-01,1317.74,24.1,78.57,202.9,4.72,2044.567131222278,37.39286039921145,965541.9967713212
2006-10-01,1363.38,24.36,79.55,201.8,4.73,2126.9116475470773,38.002294103072366,1005924.541173391
2006-11-01,1388.64,24.619999999999997,80.53,201.5,4.6,2169.543254590572,38.46508449131515,1027603.2010181622
2006-12-01,1416.42,24.88,81.51,201.8,4.56,2209.6555588453925,38.813508919722516,1048134.3762592823
2007-01-01,1424.16,25.083333333333332,82.05666666666667,202.416,4.76,2214.968926369458,39.01163064761022,1052196.808395389
2007-02-01,1444.8,25.286666666666665,82.60333333333334,203.499,4.72,2235.111258531984,39.118572368087,1063313.7742986686
2007-03-01,1406.95,25.49,83.15,205.352,4.56,2156.916930745745,39.07730378812966,1027663.4298749029
2007-04-01,1463.64,25.71666666666667,83.74000000000001,206.686,4.69,2229.343047182684,39.17033698863656,1063726.091210127
2007-05-01,1511.14,25.943333333333335,84.33000000000001,207.949,4.75,2287.7130939557305,39.275582254142456,1093138.9176687754
2007-06-01,1514.19,26.17,84.92,208.352,5.1,2287.896598604766,39.542101047746144,1094801.1366821448
2007-07-01,1520.71,26.440000000000005,82.81333333333333,208.299,5.0,2298.3327705005795,39.96022808558853,1101388.5154376007
2007-08-01,1454.62,26.71,80.70666666666666,207.917,4.67,2202.4864586589847,40.44246147501168,1057072.8605421828
2007-09-01,1497.12,26.98,78.6,208.49,4.52,2260.607038227254,40.739004148880056,1086596.9294337574
2007-10-01,1539.66,27.230000000000004,74.46000000000001,208.936,4.53,2319.878519379141,41.028728474269656,1116730.1410603751
2007-11-01,1463.39,27.480000000000004,70.32000000000001,210.177,4.15,2191.939620474649,41.16093506901329,1056794.7814900025
2007-12-01,1479.22,27.73,66.18,210.036,4.1,2217.137991939478,41.56328099706719,1070613.5147805635
2008-01-01,1378.76,27.92,64.25,211.08,3.74,2056.3416995925722,41.64108347545956,994643.7020021157
2008-02-01,1354.87,28.11,62.32,211.693,3.74,2014.8597519166913,41.80305684410917,976264.0576679328
2008-03-01,1316.94,28.3,60.39,213.528,3.51,1941.6227376503325,41.72393842962049,942463.0948292334
2008-04-01,1370.47,28.436666666666667,57.383333333333326,214.823,3.68,2008.3640949176774,41.672696456307456,976544.9891708916
2008-05-01,1403.22,28.573333333333334,54.376666666666665,216.632,3.88,2039.1860402664433,41.52331242229528,993214.3428975736
2008-06-01,1341.25,28.71,51.37,218.815,4.1,1929.6846294244006,41.305681797408795,941556.6781388232
2008-07-01,1257.33,28.756666666666668,49.56333333333333,219.964,4.01,1799.4979737025155,41.15670778324334,879707.7976580402
2008-08-01,1281.47,28.803333333333335,47.75666666666667,219.086,3.89,1841.397333524279,41.38870297128374,901876.9569809798
2008-09-01,1216.95,28.85,45.95,218.783,3.69,1751.1076868975204,41.51317372693493,859349.3780125699
2008-10-01,968.8,28.696666666666665,35.593333333333334,216.573,3.81,1408.2621610265364,41.713903606790026,692805.1632656127
2008-11-01,883.04,28.543333333333333,25.236666666666668,212.425,3.53,1308.6648643050494,42.30120656310071,645541.7236887901
2008-12-01,877.56,28.39,14.88,210.228,2.42,1314.1349128089505,42.51366308246287,649987.608430392
2009-01-01,865.58,28.013333333333335,12.206666666666667,211.143,2.52,1290.5778819330983,41.76781857161578,640057.5794369483
2009-02-01,805.23,27.63666666666667,9.533333333333333,212.193,2.87,1194.655223841032,41.00230766723378,594179.6524265991
2009-03-01,757.13,27.26,6.86,212.709,2.82,1120.5681684249378,40.345367732442,559003.544472505
2009-04-01,848.15,26.703333333333333,7.076666666666666,213.24,2.93,1252.1538269672676,39.42307495857565,626284.8768694481
2009-05-01,902.41,26.14666666666667,7.293333333333333,213.856,3.29,1328.4222847967796,38.49005958838348,666036.0579953599
2009-06-01,926.12,25.59,7.51,215.693,3.72,1351.7142890589873,37.349769637864945,679274.5735996221
2009-07-01,935.82,25.026666666666664,9.186666666666667,215.351,3.56,1368.0410284837317,36.585568598861094,689011.3275941876
2009-08-01,1009.73,24.46333333333333,10.863333333333333,215.834,3.59,1472.7841201455756,35.682022777535835,743262.5902298844
2009-09-01,1044.55,23.9,12.54,215.969,3.4,1522.6199249082051,34.838558427366905,769878.1264531462
2009-10-01,1067.66,23.403333333333332,25.349999999999998,216.177,3.39,1554.8094770720297,34.08175305035535,787590.0964719264
2009-11-01,1088.07,22.906666666666666,38.16,216.33,3.4,1583.4114406809047,33.33487557589486,803485.5969378528
2009-12-01,1110.38,22.41,50.97,215.949,3.59,1618.7289208331604,32.66964022755374,822788.5723272844
2010-01-01,1123.58,22.24,54.28999999999999,216.687,3.73,1632.3934210404875,32.311388315865756,831102.7797685683
2010-02-01,1089.16,22.07,57.61,216.741,3.69,1581.9920732579446,32.05641508759304,806801.947366612
2010-03-01,1152.05,21.9,60.93,217.631,3.73,1666.4959527250262,31.679407460334247,851244.5289731168
2010-04-01,1197.32,21.946666666666665,62.986666666666665,218.009,3.85,1728.9781575531294,31.691867919825956,884509.3937086678
2010-05-01,1125.06,21.993333333333332,65.04333333333332,218.178,3.42,1623.3733812529226,31.734655839116087,831837.0780826951
2010-06-01,1083.36,22.04,67.1,217.965,3.2,1564.7311458261654,31.83306975890626,803147.3597080284
2010-07-01,1079.8,22.143333333333334,68.68666666666667,218.011,3.01,1559.2602540697494,31.97556914177115,801706.958195936
2010-08-01,1087.28,22.246666666666666,70.27333333333333,218.312,2.7,1567.8968361794134,32.0804928649517,807522.0687981363
2010-09-01,1122.08,22.35,71.86,218.439,2.65,1617.138938559507,32.21076507629134,834265.9582701322
2010-10-01,1171.58,22.476666666666667,73.69,218.711,2.54,1686.378340481275,32.353030807016275,871376.7638111837
2010-11-01,1198.89,22.603333333333335,75.52,218.803,2.76,1724.9628969324012,32.52167533885125,892714.3472904699
2010-12-01,1241.53,22.73,77.35,219.179,3.29,1783.2489200037421,32.64781998959756,924286.9300487313
2011-01-01,1282.62,22.963333333333335,78.67,220.223,3.39,1833.5342449471677,32.82660339368127,951768.5123682924
2011-02-01,1321.12,23.196666666666665,79.99000000000001,221.309,3.58,1879.303333348396,32.99743625805248,976954.1544557654
2011-03-01,1304.49,23.43,81.31,223.467,3.41,1837.7272202942722,33.00749624105574,956770.7591059081
2011-04-01,1331.51,23.733333333333334,82.16333333333334,224.906,3.46,1863.7904558459988,33.22089969439086,971781.2968381599
2011-05-01,1338.31,24.036666666666665,83.01666666666667,225.964,3.17,1864.5376686662485,33.487959014857836,973625.9472311368
2011-06-01,1287.29,24.34,83.87,225.722,3.0,1795.3792374580244,33.94691999450653,938989.9385296411
2011-07-01,1325.19,24.619999999999997,84.90666666666667,225.922,3.0,1846.6020722306823,34.30703749524174,967274.8948965521
2011-08-01,1185.31,24.9,85.94333333333334,226.545,2.3,1647.142448575339,34.60178937959348,864305.6796094049
2011-09-01,1173.88,25.18,86.98,226.889,1.98,1628.7857271617406,34.937834028974535,856201.0954817323
2011-10-01,1207.22,25.596666666666664,86.97,226.421,2.15,1678.50797971478,35.589378285730284,883897.5270890915
2011-11-01,1226.42,26.013333333333335,86.96000000000001,226.23,2.01,1706.643147571057,36.19924420574933,900301.961361372
2011-12-01,1243.32,26.43,86.95,225.672,1.98,1734.4386173295763,36.87000342310966,916585.6783254076
2012-01-01,1300.58,26.736666666666668,87.48,226.665,1.97,1806.3682834800263,37.134406705196376,956233.1507696598
2012-02-01,1352.49,27.043333333333337,88.01,227.663,1.97,1870.2312134053411,37.39568212299175,991689.8000019413
2012-03-01,1389.24,27.35,88.54,229.392,2.17,1906.5697759730078,37.534683260532205,1012616.8802701636
2012-04-01,1386.43,27.673333333333332,88.33333333333334,230.085,2.05,1896.982538681358,37.864032169270786,1009200.77041258
2012-05-01,1341.27,27.996666666666666,88.12666666666667,229.815,1.8,1837.348469257882,38.35143755121875,979175.5122547785
2012-06-01,1323.48,28.32,87.92,229.478,1.62,1815.641158847472,38.85132953921511,969332.4814499146
2012-07-01,1359.78,28.743333333333332,87.44666666666667,229.104,1.53,1868.485233671172,39.49645817692694,999302.0110738648
2012-08-01,1403.45,29.166666666666664,86.97333333333333,230.379,1.68,1917.8195818086729,39.85635716941795,1027463.3030034926
2012-09-01,1443.42,29.59,86.5,231.407,1.72,1963.6763927841432,40.25521640443031,1053828.09808146
2012-10-01,1437.82,30.14333333333333,86.50333333333333,231.317,1.75,1956.8190233532346,41.02394464810917,1051982.67870983
2012-11-01,1394.51,30.696666666666665,86.50666666666667,230.221,1.65,1906.9108487605397,41.975895968801005,1027032.6407529885
2012-12-01,1422.29,31.25,86.51,229.601,1.72,1950.1502540820825,42.84793919669341,1052243.8176023003
2013-01-01,1480.4,31.536666666666665,86.90666666666667,230.28,1.91,2023.8417383185697,43.11349789748713,1093944.1435963497
2013-02-01,1512.31,31.82333333333333,87.30333333333334,232.166,1.98,2050.6705644345,43.15198135888403,1110389.6284482183
2013-03-01,1550.83,32.11,87.7,232.773,1.96,2097.419408232485,43.42715655380995,1137662.5870035319
2013-04-01,1570.7,32.49666666666667,88.78333333333333,232.531,1.76,2126.5033785817814,43.99584354702529,1155426.6928537646
2013-05-01,1639.84,32.88333333333334,89.86666666666667,232.945,1.93,2216.1633853484736,44.44021326564929,1206155.2818165058
2013-06-01,1618.77,33.27,90.95,233.504,2.3,2182.451067594132,44.85513508333907,1189841.607088107
2013-07-01,1668.68,33.64666666666667,92.09,233.596,2.58,2248.8544681843878,45.34509712637776,1228103.9322863899
2013-08-01,1670.09,34.02333333333333,93.23,233.877,2.74,2248.050452748668,45.79763360299077,1229749.0394704624
2013-09-01,1687.17,34.4,94.37,234.149,2.81,2268.4030877240575,46.25086163084192,1242990.903918262
2013-10-01,1720.03,34.596666666666664,96.31333333333333,233.546,2.62,2318.554350802413,46.63537962899531,1272601.2394504272
2013-11-01,1783.54,34.79333333333334,98.25666666666666,233.069,2.72,2409.0845014781044,46.996467748463644,1324440.7670313942
2013-12-01,1807.78,34.99,100.2,233.049,2.9,2442.0357992310637,47.2661676836202,1344721.8372840534
2014-01-01,1822.36,35.403333333333336,100.41666666666666,233.916,2.86,2452.6068565211453,47.64725854224026,1352729.2918327064
2014-02-01,1817.04,35.81666666666666,100.63333333333333,234.781,2.71,2436.437259829374,48.025943947054216,1346018.3730907866
2014-03-01,1863.52,36.23,100.85,236.293,2.72,2482.772318265883,48.269318864714585,1373838.552824273
2014-04-01,1864.26,36.61333333333333,101.60666666666667,237.072,2.71,2475.596787368396,48.61974744662664,1372109.9553220056
2014-05-01,1889.77,36.99666666666667,102.36333333333334,237.9,2.56,2500.7380426124437,48.95779474919436,1388305.857367953
2014-06-01,1947.09,37.38,103.12,238.343,2.6,2571.8007429943414,49.373121824429525,1430041.0748334571
2014-07-01,1973.1,37.75,104.06666666666666,238.25,2.54,2607.1731799580284,49.88129721930748,1452021.1588607598
2014-08-01,1961.53,38.120000000000005,105.01333333333334,237.852,2.42,2596.2220836381457,50.454484931806356,1448263.7782600145
2014-09-01,1993.23,38.49,105.96,238.031,2.53,2636.1953313328945,50.9058956081351,1472928.6830326247
2014-10-01,1937.27,38.806666666666665,104.74333333333334,237.433,2.3,2568.6371880172524,51.45397757823613,1437577.4873143896
2014-11-01,2044.57,39.123333333333335,103.52666666666667,236.151,2.33,2725.6236426587234,52.15545680165094,1527869.8493365746
2014-12-01,2054.27,39.44,102.31,234.812,2.21,2754.171176143043,52.877426622148796,1546342.466165548
2015-01-01,2028.18,39.89666666666667,101.28999999999999,233.707,1.88,2732.048896588465,53.74258899319806,1536436.3100317277
2015-02-01,2082.2,40.35333333333333,100.27000000000001,234.722,1.98,2792.6874781656607,54.122682116148766,1573074.3767279885
2015-03-01,2079.99,40.81,99.25,236.119,2.04,2773.217961546933,54.41133130963627,1564661.6051665505
2015-04-01,2094.86,41.120000000000005,97.80333333333334,236.599,1.94,2787.377513535562,54.71342397896867,1575222.9484260203
2015-05-01,2111.94,41.43,96.35666666666667,237.805,2.2,2795.85269937554,54.84633906982614,1582595.4367676652
2015-06-01,2099.29,41.74,94.91,238.638,2.36,2769.4053639298863,55.06384534315577,1570222.3064279417
2015-07-01,2094.14,41.99666666666667,93.49333333333334,238.654,2.32,2762.42621713862,55.39872837175719,1568882.74616227
2015-08-01,2039.87,42.25333333333333,92.07666666666667,238.316,2.17,2694.653838653302,55.8163544061946,1533034.015901482
2015-09-01,1944.41,42.51,90.66,237.945,2.17,2572.556698554289,56.24296586396019,1466237.3579725693
2015-10-01,2024.81,42.803333333333335,89.28333333333333,237.838,2.07,2680.1353405994846,56.656538817037955,1530243.132899929
2015-11-01,2080.62,43.096666666666664,87.90666666666667,237.336,2.26,2759.833251276672,57.16546687326549,1578467.1661502356
2015-12-01,2054.08,43.39,86.53,236.525,2.24,2733.971578480077,57.751901965965565,1566428.3308560706
2016-01-01,1918.6,43.553333333333335,86.5,236.916,2.09,2549.433810928769,57.8736269043318,1463460.686512169
2016-02-01,1904.42,43.71666666666667,86.47,237.111,1.78,2528.510283263958,58.042890337577504,1454226.425929303
2016-03-01,2021.95,43.88,86.44,238.132,1.89,2673.045461393262,58.00995813246438,1540133.469610339
2016-04-01,2075.54,44.07333333333334,86.6,239.261,1.81,2730.9445779922357,57.99061001026776,1576277.688634553
2016-05-01,2065.55,44.266666666666666,86.75999999999999,240.229,1.81,2706.8486373939045,58.01029573171157,1565159.972848445
2016-06-01,2083.89,44.46,86.92,241.018,1.64,2721.942865211313,58.07292121335339,1576686.044809883
2016-07-01,2148.9,44.65,87.64333333333333,240.628,1.5,2811.4070988205876,58.415620532523256,1631327.9949955347
2016-08-01,2170.95,44.84,88.36666666666667,240.849,1.56,2837.648944203631,58.61036811446179,1649388.9812161047
2016-09-01,2157.69,45.03,89.09,241.428,1.63,2813.55302714474,58.717560359610346,1638227.3238169951
2016-10-01,2143.02,45.25333333333333,90.91,241.729,1.76,2790.944249655607,58.93530179112424,1627922.7261723874
2016-11-01,2164.99,45.47666666666667,92.73,241.353,2.14,2823.949238718807,59.31842558755574,1650057.4294621097
2016-12-01,2246.63,45.7,94.55,241.432,2.49,2929.4791707913632,59.59022985768253,1714621.0511231492
2017-01-01,2275.12,45.92666666666667,96.46333333333334,242.839,2.43,2949.4399948113783,59.5388144339803,1729208.1006588375
2017-02-01,2329.91,46.153333333333336,98.37666666666667,243.603,2.42,3010.9961874956393,59.64501234248623,1768211.5568335436
2017-03-01,2366.82,46.38,100.29,243.801,2.48,3056.2117455424727,59.88926101615665,1797695.2914672883
2017-04-01,2359.31,46.660000000000004,101.53333333333333,244.524,2.3,3037.506455450182,60.07267006510612,1789637.2604914566
2017-05-01,2395.35,46.94,102.77666666666667,244.733,2.3,3081.272717870088,60.38154815656248,1818388.0876240241
2017-06-01,2433.99,47.22,104.02,244.955,2.19,3128.139941468842,60.6866782674369,1849030.8784901637
2017-07-01,2454.1,47.53666666666667,105.03999999999999,244.786,2.32,3156.16262316881,61.13583414016055,1868606.4011115101
2017-08-01,2456.22,47.85333333333334,106.06,245.519,2.21,3149.4582049658084,61.35935433374474,1867664.3672975078
2017-09-01,2492.84,48.17,107.08,246.819,2.2,3179.5781870520523,61.440076888327106,1888562.0793896085
2017-10-01,2557.0,48.42333333333333,108.01333333333334,246.663,2.36,3263.475911466253,61.80226119915299,1941453.5327708605
2017-11-01,2593.61,48.67666666666666,108.94666666666666,246.669,2.35,3310.120404823875,62.12407708643298,1972282.3289849742
2017-12-01,2664.34,48.93,109.88,246.524,2.4,3402.3903014513817,62.4841264440785,2030362.3858930275
2018-01-01,2789.8,49.28666666666666,111.73333333333332,247.867,2.58,3543.301043503171,62.59857245350668,2117563.2436391297
2018-02-01,2705.16,49.64333333333333,113.58666666666666,248.991,2.86,3420.2905484535595,62.766943099014306,2047175.0889584245
2018-03-01,2702.77,50.0,115.44,249.554,2.84,3409.5592901235823,63.07527629290657,2043898.1002432287
2018-04-01,2653.63,50.33,117.78666666666666,250.546,2.87,3334.3147023400907,63.2401875803246,2001951.067528274
2018-05-01,2701.49,50.66,120.13333333333333,251.588,2.976,3380.392536557786,63.39119741402613,2032788.3114174765
2018-06-01,2754.35,50.99,122.48,251.989,2.91,3441.051999541648,63.70259460730432,2072457.9661564685
2018-07-01,2793.64,51.44,125.11666666666667,252.006,2.89,3489.9021632421463,64.26045133846023,2105104.378149431
2018-08-01,2857.82,51.89,127.75333333333333,252.146,2.89,3568.0955915422037,64.7866136583567,2155527.1508702645
2018-09-01,2901.5,52.34,130.39,252.439,3.0,3618.4270086040606,65.27260714469638,2189218.9264061945
2018-10-01,2785.46,52.81,131.05666666666667,252.885,3.15,3467.5884614548136,65.7425870949246,2101273.2918807147
2018-11-01,2723.23,53.28,131.72333333333333,252.038,3.12,3401.511868894771,66.55058602274264,2064593.1706673624
2018-12-01,2567.31,53.75,132.39,251.233,2.83,3217.031554423584,67.35277237663846,1956027.096093124
2019-01-01,2607.39,54.14666666666667,133.05666666666664,251.712,2.71,3261.0373109446527,67.72070931593782,1986214.8884814621
2019-02-01,2754.86,54.54333333333334,133.7233333333333,252.776,2.68,3430.9736973644663,67.92967411529052,2093166.6725470251
2019-03-01,2803.98,54.94,134.39,254.202,2.57,3472.5590621828323,68.03985580365224,2121996.1939335014
2019-04-01,2903.8,55.319091580592705,134.68333333333334,255.548,2.53,3577.2385902061474,68.14849134831744,2189433.62527066
2019-05-01,2854.71,55.69818316118541,134.97666666666666,256.092,2.4,3509.2933799669668,68.4697448930839,2151340.2670217557
2019-06-01,2890.17,56.07727474177812,135.27,256.143,2.06,3552.1769317822486,68.92203632829889,2181150.6390319266
2019-07-01,2996.1136363636365,56.45818316118542,134.48000000000002,256.571,1.63,3676.2446624512245,69.2744400542526,2260876.9349259757
2019-08-01,2897.498181818182,56.83909158059271,133.69,256.558,1.63,3555.423211267487,69.74535024080258,2190146.6150042308
2019-09-01,2982.156,57.22,132.9,256.759,1.7,3656.4393592629676,70.1577852188239,2255974.1729826424
2019-10-01,2977.68,57.56,135.09,257.346,1.71,3642.623577207341,70.41368216331324,2251070.3785978477
2019-11-01,3104.9044999999996,57.900000000000006,137.28,257.208,1.81,3800.2963711738175,70.86760958057295,2352158.6591364974
2019-12-01,3176.7495238095235,58.24,139.47,256.974,1.86,3891.772826827581,71.34866873691506,2412457.2246449427
2020-01-01,3278.2028571428577,58.686867862126704,131.75666666666666,257.971,1.76,4000.540117756871,71.61825533657117,2483580.192826598
2020-02-01,3277.3142105263164,59.13373572425341,124.04333333333332,258.678,1.5,3988.5246389104586,71.96635622225774,2479843.975526345
2020-03-01,2652.3936363636367,59.58060358638012,116.33,258.115,0.87,3235.0308472571264,72.66835806633394,2015128.3161948544
2020-04-01,2761.975238095238,59.61373572425342,110.63,256.389,0.66,3391.361494104291,73.19824054409976,2116307.6606503506
2020-05-01,2919.615,59.64686786212671,104.93,256.394,0.67,3584.8535718708326,73.23749443212635,2240860.839778048
2020-06-01,3104.6609090909087,59.68,99.23,257.797,0.73,3791.3162033278836,72.87937640856956,2373715.193392888
2020-07-01,3207.6190909090906,59.403333333333336,98.89333333333335,259.101,0.62,3897.3319075599175,72.17643362691257,2443856.607360373
2020-08-01,3391.71,59.126666666666665,98.55666666666667,259.918,0.65,4108.0530937160975,71.61446170843628,2579733.406825097
2020-09-01,3365.5166666666664,58.85,98.22,260.28,0.68,4070.6582239159134,71.18022586253271,2559975.476291533
2020-10-01,3418.701363636364,58.659615378670054,96.85666666666667,260.388,0.79,4133.271104722483,70.92052433643947,2603068.5085820914
2020-11-01,3548.992500000001,58.469230757340114,95.49333333333334,260.229,0.87,4293.417096660541,70.7335377468829,2707638.149549161
2020-12-01,3695.3099999999995,58.27884613601017,94.13,260.474,0.93,4466.220807115107,70.43690386660619,2820318.34000255
2021-01-01,3793.748421052632,58.06369311230766,105.48666666666665,261.582,1.08,4565.773512658206,69.8796131520317,2886860.9264432006
2021-02-01,3883.4321052631576,57.84854008860516,116.84333333333332,263.014,1.26,4648.261400261164,69.24162150044914,2942664.9729102906
2021-03-01,3910.5082608695648,57.63338706490265,128.2,264.877,1.61,4647.74884195429,68.49889838341383,2945954.1930552484
2021-04-01,4141.176190476191,57.71060542140715,138.38666666666666,267.054,1.64,4881.781235010614,68.03152960631006,3097888.003265917
2021-05-01,4167.849500000001,57.787823777911655,148.57333333333332,269.195,1.62,4874.148221663203,67.58075561531062,3096618.0256682816
2021-06-01,4238.489545454546,57.86504213441615,158.76,271.696,1.52,4911.131515150541,67.04813802280327,3123663.778074412
2021-07-01,4363.7128571428575,58.32818900579217,164.31666666666666,273.003,1.32,5032.020924606536,67.26122391190651,3204119.030050141
2021-08-01,4454.206363636363,58.79133587716819,169.87333333333333,273.567,1.28,5125.78420865904,67.6555319720612,3267412.3719594553
2021-09-01,4445.543333333333,59.254482748544206,175.43,274.31,1.37,5101.95824998785,68.0038129064909,3255837.0003184583
2021-10-01,4460.707142857143,59.63536092649366,182.91,276.589,1.58,5077.179292360302,67.87700019116072,3243633.867070783
2021-11-01,4667.386666666667,60.01623910444312,190.39,277.948,1.56,5286.447462235145,67.97651824573802,3380947.034026291
2021-12-01,4674.772727272726,60.397117282392585,197.87,278.802,1.47,5278.594603591275,68.19837368763433,3379559.427619032
2022-01-01,4573.8155,60.921402962953294,197.88333333333333,281.148,1.76,5121.501875749162,68.21636761431148,3282622.179078735
2022-02-01,4435.980526315789,61.44568864351402,197.89666666666665,283.716,1.93,4922.202711219838,68.18067244426493,3158523.247903328
2022-03-01,4391.265217391306,61.969974324074734,197.91,287.504,2.13,4808.387606195123,67.85644722983224,3089117.9102151603
2022-04-01,4391.295999999999,62.65331621604982,196.02666666666664,289.109,2.75,4781.727172519709,68.2238374727541,3075642.5822506216
2022-05-01,4040.3599999999997,63.336658108024906,194.14333333333332,292.296,2.9,4351.619190649207,68.21595523529311,2802650.3379176217
2022-06-01,3898.9466666666676,64.02,192.26,296.311,3.14,4142.411254335258,68.01764455251411,2671560.9980177353
2022-07-01,3911.729499999999,64.4527684478357,190.58333333333331,296.276,2.9,4156.4832550750825,68.48552610722719,2684317.1304897005
2022-08-01,4158.5630434782615,64.8855368956714,188.90666666666664,296.171,2.9,4420.3275348660245,68.96981537993145,2858423.399425151
2022-09-01,3850.520476190475,65.31830534350709,187.23,296.808,3.52,4084.1109086052593,69.28081671934218,2644740.8976891437
2022-10-01,3726.050952380952,65.85220356233806,182.40333333333334,298.012,3.98,3936.123622572646,69.56491399414458,2552663.020349327
2022-11-01,3917.488571428571,66.38610178116903,177.57666666666665,297.711,3.89,4142.538460969101,70.19981676730625,2690321.4417998446
2022-12-01,3912.380952380953,66.92,172.75,296.797,3.62,4149.877926824124,70.98230827804866,2698929.519075694
2023-01-01,3960.6565,67.35,173.55666666666667,299.17,3.53,4167.761223474531,70.87176542601199,2714401.1988074267
2023-02-01,4079.684736842105,67.78,174.36333333333332,300.84,3.75,4269.182458526217,70.9283206189337,2784304.8952038647
2023-03-01,3968.5591304347827,68.21,175.17,301.836,3.66,4139.191421662471,71.14275927159122,2703392.974505567
2023-04-01,4121.467368421053,68.37666666666667,177.11666666666665,303.363,3.46,4277.036414313096,70.95761462615198,2797284.4309562687
2023-05-01,4146.1731818181825,68.54333333333332,179.06333333333333,304.127,3.57,4291.8659886087535,70.95188458823672,2810850.3479097895
2023-06-01,4345.372857142857,68.71,181.01,305.109,3.75,4483.588239958041,70.89549230766713,2940283.3132718145
2023-07-01,4508.075500000001,68.91104536354072,182.09,305.691,3.9,4642.610196041513,70.96756073066064,3048446.308142178
2023-08-01,4457.358695652174,69.11209072708144,183.17,307.026,4.17,4570.4201144963945,70.86512690173713,3004922.2556878747
2023-09-01,4409.094999999999,69.31313609062215,184.25,307.789,4.38,4509.724944868889,70.8950881836229,2968901.1877020737
2023-10-01,4269.4009090909085,69.64332137499402,186.97666666666666,307.671,4.8,4368.517378772515,71.26012904861697,2879848.9819042543
2023-11-01,4460.063333333332,69.97350665936588,189.70333333333332,307.051,4.5,4572.821007598629,71.7425510162317,3018472.879749354
2023-12-01,4685.0515000000005,70.30369194373775,192.42999999999998,306.746,4.02,4808.2733977236085,72.15275472101635,3177861.562132431
2024-01-01,4815.6139130434785,70.47740320664859,192.08333333333331,308.417,4.06,4915.492578286515,71.93914600604727,3252686.5017278586
2024-02-01,5011.9615,70.65111446955943,191.73666666666665,310.326,4.21,5084.441505612246,71.67282885688365,3368435.9049149877
2024-03-01,5170.572499999999,70.82482573247027,191.39,312.332,4.21,5211.657205703787,71.38759071095973,3456657.3234664267
2024-04-01,5112.492727272728,71.20848368988366,193.17999999999998,313.548,4.54,5133.131154784772,71.49594251032099,3408526.202919099
2024-05-01,5235.225454545454,71.59214164729707,194.96999999999997,314.069,4.48,5247.639714333187,71.76190767798407,3488533.6957832025
2024-06-01,5415.140526315788,71.97579960471046,196.76,314.175,4.31,5426.150062437965,72.12213378788073,3611199.524094335
2024-07-01,5538.004545454546,,,314.54,4.25,5542.824373598244,,3688848.3565239212
2024-08-01,5478.214545454546,,,314.7225000000001,3.87,5479.802887810981,,3646906.435112992
2024-09-01,5520.07,,,314.81375000000014,3.84,5520.07,,3673704.9155642134
